Date,Index Value,Year,Month
2015-01-01,1.36,2015,1
2015-01-02,3.92,2015,1
2015-01-03,6.44,2015,1
2015-01-04,8.62,2015,1
2015-01-05,8.8,2015,1
2015-01-06,8.32,2015,1
2015-01-07,7.63,2015,1
2015-01-08,6.79,2015,1
2015-01-09,6.14,2015,1
2015-01-10,5.65,2015,1
2015-01-11,5.09,2015,1
2015-01-12,4.33,2015,1
2015-01-13,3.41,2015,1
2015-01-14,3.43,2015,1
2015-01-15,2.85,2015,1
2015-01-16,1.61,2015,1
2015-01-17,0.67,2015,1
2015-01-18,0.01,2015,1
2015-01-19,-0.43,2015,1
2015-01-20,-0.9,2015,1
2015-01-21,-1.3,2015,1
2015-01-22,-0.21,2015,1
2015-01-23,0.76,2015,1
2015-01-24,0.47,2015,1
2015-01-25,0.5,2015,1
2015-01-26,0.64,2015,1
2015-01-27,1.05,2015,1
2015-01-28,0.45,2015,1
2015-01-29,0.35,2015,1
2015-01-30,0.38,2015,1
2015-01-31,0.25,2015,1
2015-02-01,-0.48,2015,2
2015-02-02,-0.44,2015,2
2015-02-03,1.08,2015,2
2015-02-04,1.69,2015,2
2015-02-05,1.01,2015,2
2015-02-06,0.16,2015,2
2015-02-07,-0.66,2015,2
2015-02-08,-0.98,2015,2
2015-02-09,-1.49,2015,2
2015-02-10,-2.56,2015,2
2015-02-11,-3.36,2015,2
2015-02-12,-4.19,2015,2
2015-02-13,-4.51,2015,2
2015-02-14,-5.65,2015,2
2015-02-15,-7.01,2015,2
2015-02-16,-7.86,2015,2
2015-02-17,-7.58,2015,2
2015-02-18,-8.53,2015,2
2015-02-19,-8.47,2015,2
2015-02-20,-7.42,2015,2
2015-02-21,-7.78,2015,2
2015-02-22,-8.17,2015,2
2015-02-23,-8.98,2015,2
2015-02-24,-9.91,2015,2
2015-02-25,-8.87,2015,2
2015-02-26,-8.03,2015,2
2015-02-27,-7.62,2015,2
2015-02-28,-7.94,2015,2
2015-03-01,3.22,2015,3
2015-03-02,14.77,2015,3
2015-03-03,19.05,2015,3
2015-03-04,20.31,2015,3
2015-03-05,21.72,2015,3
2015-03-06,22.29,2015,3
2015-03-07,22.3,2015,3
2015-03-08,22.64,2015,3
2015-03-09,25.14,2015,3
2015-03-10,24.95,2015,3
2015-03-11,23.73,2015,3
2015-03-12,22.53,2015,3
2015-03-13,21.5,2015,3
2015-03-14,21.41,2015,3
2015-03-15,24.58,2015,3
2015-03-16,28.36,2015,3
2015-03-17,29.86,2015,3
2015-03-18,29.14,2015,3
2015-03-19,28.28,2015,3
2015-03-20,27.38,2015,3
2015-03-21,26.13,2015,3
2015-03-22,24.52,2015,3
2015-03-23,23.07,2015,3
2015-03-24,21.94,2015,3
2015-03-25,20.78,2015,3
2015-03-26,19.49,2015,3
2015-03-27,19.04,2015,3
2015-03-28,19.55,2015,3
2015-03-29,20.69,2015,3
2015-03-30,23.86,2015,3
2015-03-31,26.52,2015,3
2015-04-01,0.83,2015,4
2015-04-02,3.22,2015,4
2015-04-03,5.81,2015,4
2015-04-04,8.16,2015,4
2015-04-05,9.92,2015,4
2015-04-06,10.73,2015,4
2015-04-07,10.51,2015,4
2015-04-08,11.47,2015,4
2015-04-09,11.4,2015,4
2015-04-10,11.07,2015,4
2015-04-11,11.32,2015,4
2015-04-12,13.14,2015,4
2015-04-13,15.3,2015,4
2015-04-14,16.93,2015,4
2015-04-15,17.75,2015,4
2015-04-16,19.44,2015,4
2015-04-17,19.01,2015,4
2015-04-18,20.14,2015,4
2015-04-19,21.01,2015,4
2015-04-20,22.47,2015,4
2015-04-21,22.69,2015,4
2015-04-22,25.27,2015,4
2015-04-23,25.76,2015,4
2015-04-24,27.19,2015,4
2015-04-25,28.6,2015,4
2015-04-26,28.94,2015,4
2015-04-27,28.81,2015,4
2015-04-28,29.04,2015,4
2015-04-29,29.93,2015,4
2015-04-30,29.56,2015,4
2015-05-01,-0.77,2015,5
2015-05-02,-1.55,2015,5
2015-05-03,-1.53,2015,5
2015-05-04,-1.48,2015,5
2015-05-05,-2.62,2015,5
2015-05-06,-3.53,2015,5
2015-05-07,-5.1,2015,5
2015-05-08,-6.28,2015,5
2015-05-09,-8.1,2015,5
2015-05-10,-9.77,2015,5
2015-05-11,-10.7,2015,5
2015-05-12,-9.61,2015,5
2015-05-13,-7.86,2015,5
2015-05-14,-5.67,2015,5
2015-05-15,-5.15,2015,5
2015-05-16,-3.05,2015,5
2015-05-17,-0.78,2015,5
2015-05-18,0.98,2015,5
2015-05-19,0.12,2015,5
2015-05-20,-0.87,2015,5
2015-05-21,-2.84,2015,5
2015-05-22,-4.2,2015,5
2015-05-23,-3.04,2015,5
2015-05-24,-2.94,2015,5
2015-05-25,-4.35,2015,5
2015-05-26,-4.42,2015,5
2015-05-27,-5.86,2015,5
2015-05-28,-6.18,2015,5
2015-05-29,-7.44,2015,5
2015-05-30,-7.5,2015,5
2015-05-31,-7.88,2015,5
2015-06-01,5.4,2015,6
2015-06-02,5.42,2015,6
2015-06-03,4.62,2015,6
2015-06-04,3.26,2015,6
2015-06-05,2.52,2015,6
2015-06-06,2.83,2015,6
2015-06-07,1.86,2015,6
2015-06-08,3.07,2015,6
2015-06-09,3.74,2015,6
2015-06-10,5.41,2015,6
2015-06-11,5.3,2015,6
2015-06-12,6.96,2015,6
2015-06-13,9.19,2015,6
2015-06-14,12.22,2015,6
2015-06-15,12.23,2015,6
2015-06-16,11.87,2015,6
2015-06-17,9.76,2015,6
2015-06-18,10.52,2015,6
2015-06-19,13.4,2015,6
2015-06-20,16.95,2015,6
2015-06-21,21.96,2015,6
2015-06-22,28.38,2015,6
2015-06-23,31.73,2015,6
2015-06-24,34.58,2015,6
2015-06-25,40.47,2015,6
2015-06-26,41.49,2015,6
2015-06-27,39.03,2015,6
2015-06-28,35.4,2015,6
2015-06-29,32.09,2015,6
2015-06-30,30.95,2015,6
2015-07-01,-2.34,2015,7
2015-07-02,-7.85,2015,7
2015-07-03,-13.07,2015,7
2015-07-04,-15.8,2015,7
2015-07-05,-22.17,2015,7
2015-07-06,-24.12,2015,7
2015-07-07,-28.06,2015,7
2015-07-08,-33.22,2015,7
2015-07-09,-34.97,2015,7
2015-07-10,-31.15,2015,7
2015-07-11,-27.97,2015,7
2015-07-12,-28.59,2015,7
2015-07-13,-33.46,2015,7
2015-07-14,-39.74,2015,7
2015-07-15,-42.75,2015,7
2015-07-16,-44.02,2015,7
2015-07-17,-46.55,2015,7
2015-07-18,-49.48,2015,7
2015-07-19,-49.44,2015,7
2015-07-20,-49.14,2015,7
2015-07-21,-51.29,2015,7
2015-07-22,-52.15,2015,7
2015-07-23,-50.89,2015,7
2015-07-24,-51.06,2015,7
2015-07-25,-50.24,2015,7
2015-07-26,-47.24,2015,7
2015-07-27,-46.2,2015,7
2015-07-28,-43.51,2015,7
2015-07-29,-44.66,2015,7
2015-07-30,-51.34,2015,7
2015-07-31,-56.08,2015,7
2015-08-01,0.17,2015,8
2015-08-02,-4.1,2015,8
2015-08-03,-5.15,2015,8
2015-08-04,-6.86,2015,8
2015-08-05,-5.67,2015,8
2015-08-06,-7.0,2015,8
2015-08-07,-12.02,2015,8
2015-08-08,-16.4,2015,8
2015-08-09,-21.05,2015,8
2015-08-10,-25.42,2015,8
2015-08-11,-26.92,2015,8
2015-08-12,-26.25,2015,8
2015-08-13,-27.8,2015,8
2015-08-14,-31.18,2015,8
2015-08-15,-32.94,2015,8
2015-08-16,-31.42,2015,8
2015-08-17,-29.44,2015,8
2015-08-18,-26.17,2015,8
2015-08-19,-24.76,2015,8
2015-08-20,-25.46,2015,8
2015-08-21,-24.74,2015,8
2015-08-22,-26.31,2015,8
2015-08-23,-30.32,2015,8
2015-08-24,-35.34,2015,8
2015-08-25,-40.9,2015,8
2015-08-26,-45.51,2015,8
2015-08-27,-46.51,2015,8
2015-08-28,-48.2,2015,8
2015-08-29,-49.35,2015,8
2015-08-30,-44.3,2015,8
2015-08-31,-42.27,2015,8
2015-09-01,-0.78,2015,9
2015-09-02,-4.28,2015,9
2015-09-03,-8.98,2015,9
2015-09-04,-15.82,2015,9
2015-09-05,-20.71,2015,9
2015-09-06,-26.35,2015,9
2015-09-07,-29.08,2015,9
2015-09-08,-31.41,2015,9
2015-09-09,-36.34,2015,9
2015-09-10,-39.56,2015,9
2015-09-11,-42.05,2015,9
2015-09-12,-46.79,2015,9
2015-09-13,-49.95,2015,9
2015-09-14,-52.79,2015,9
2015-09-15,-53.05,2015,9
2015-09-16,-50.79,2015,9
2015-09-17,-49.57,2015,9
2015-09-18,-48.75,2015,9
2015-09-19,-49.31,2015,9
2015-09-20,-44.06,2015,9
2015-09-21,-38.29,2015,9
2015-09-22,-35.39,2015,9
2015-09-23,-32.82,2015,9
2015-09-24,-34.37,2015,9
2015-09-25,-37.73,2015,9
2015-09-26,-40.42,2015,9
2015-09-27,-44.47,2015,9
2015-09-28,-47.65,2015,9
2015-09-29,-50.99,2015,9
2015-09-30,-53.14,2015,9
2015-10-01,-2.03,2015,10
2015-10-02,-4.14,2015,10
2015-10-03,-6.24,2015,10
2015-10-04,-7.9,2015,10
2015-10-05,-8.92,2015,10
2015-10-06,-10.67,2015,10
2015-10-07,-13.23,2015,10
2015-10-08,-13.96,2015,10
2015-10-09,-15.8,2015,10
2015-10-10,-17.48,2015,10
2015-10-11,-18.28,2015,10
2015-10-12,-19.27,2015,10
2015-10-13,-21.39,2015,10
2015-10-14,-23.53,2015,10
2015-10-15,-24.66,2015,10
2015-10-16,-26.64,2015,10
2015-10-17,-28.89,2015,10
2015-10-18,-31.64,2015,10
2015-10-19,-33.38,2015,10
2015-10-20,-34.63,2015,10
2015-10-21,-36.57,2015,10
2015-10-22,-38.18,2015,10
2015-10-23,-39.66,2015,10
2015-10-24,-40.62,2015,10
2015-10-25,-41.03,2015,10
2015-10-26,-41.0,2015,10
2015-10-27,-41.94,2015,10
2015-10-28,-42.44,2015,10
2015-10-29,-41.29,2015,10
2015-10-30,-40.59,2015,10
2015-10-31,-40.3,2015,10
2015-11-01,0.37,2015,11
2015-11-02,1.91,2015,11
2015-11-03,1.69,2015,11
2015-11-04,3.04,2015,11
2015-11-05,5.45,2015,11
2015-11-06,4.67,2015,11
2015-11-07,4.66,2015,11
2015-11-08,4.98,2015,11
2015-11-09,5.96,2015,11
2015-11-10,8.22,2015,11
2015-11-11,8.7,2015,11
2015-11-12,8.49,2015,11
2015-11-13,9.64,2015,11
2015-11-14,9.3,2015,11
2015-11-15,8.77,2015,11
2015-11-16,11.52,2015,11
2015-11-17,13.2,2015,11
2015-11-18,13.71,2015,11
2015-11-19,14.28,2015,11
2015-11-20,15.08,2015,11
2015-11-21,15.72,2015,11
2015-11-22,15.85,2015,11
2015-11-23,17.42,2015,11
2015-11-24,18.66,2015,11
2015-11-25,18.23,2015,11
2015-11-26,17.55,2015,11
2015-11-27,17.06,2015,11
2015-11-28,16.43,2015,11
2015-11-29,16.01,2015,11
2015-11-30,17.74,2015,11
2015-12-01,1.23,2015,12
2015-12-02,4.65,2015,12
2015-12-03,5.87,2015,12
2015-12-04,6.92,2015,12
2015-12-05,7.18,2015,12
2015-12-06,7.34,2015,12
2015-12-07,7.39,2015,12
2015-12-08,7.9,2015,12
2015-12-09,7.48,2015,12
2015-12-10,7.0,2015,12
2015-12-11,8.49,2015,12
2015-12-12,8.86,2015,12
2015-12-13,8.48,2015,12
2015-12-14,7.83,2015,12
2015-12-15,7.74,2015,12
2015-12-16,7.42,2015,12
2015-12-17,7.06,2015,12
2015-12-18,6.94,2015,12
2015-12-19,7.3,2015,12
2015-12-20,7.04,2015,12
2015-12-21,6.68,2015,12
2015-12-22,6.47,2015,12
2015-12-23,6.03,2015,12
2015-12-24,5.75,2015,12
2015-12-25,5.19,2015,12
2015-12-26,4.69,2015,12
2015-12-27,4.14,2015,12
2015-12-28,3.87,2015,12
2015-12-29,3.47,2015,12
2015-12-30,2.84,2015,12
2015-12-31,2.31,2015,12
2016-01-01,-0.66,2016,1
2016-01-02,-1.11,2016,1
2016-01-03,-1.67,2016,1
2016-01-04,-1.64,2016,1
2016-01-05,-0.9,2016,1
2016-01-06,-1.49,2016,1
2016-01-07,-2.16,2016,1
2016-01-08,-2.69,2016,1
2016-01-09,-2.57,2016,1
2016-01-10,-2.45,2016,1
2016-01-11,-3.0,2016,1
2016-01-12,-3.74,2016,1
2016-01-13,-4.54,2016,1
2016-01-14,-5.15,2016,1
2016-01-15,-6.07,2016,1
2016-01-16,-7.17,2016,1
2016-01-17,-7.86,2016,1
2016-01-18,-8.4,2016,1
2016-01-19,-7.79,2016,1
2016-01-20,-6.35,2016,1
2016-01-21,-5.91,2016,1
2016-01-22,-6.59,2016,1
2016-01-23,-6.89,2016,1
2016-01-24,-7.35,2016,1
2016-01-25,-7.59,2016,1
2016-01-26,-7.85,2016,1
2016-01-27,-8.2,2016,1
2016-01-28,-8.9,2016,1
2016-01-29,-9.27,2016,1
2016-01-30,-9.18,2016,1
2016-01-31,-9.71,2016,1
2016-02-01,-0.53,2016,2
2016-02-02,-1.03,2016,2
2016-02-03,-1.47,2016,2
2016-02-04,-2.09,2016,2
2016-02-05,-2.8,2016,2
2016-02-06,-3.59,2016,2
2016-02-07,-4.11,2016,2
2016-02-08,-4.31,2016,2
2016-02-09,-4.55,2016,2
2016-02-10,-5.38,2016,2
2016-02-11,-5.61,2016,2
2016-02-12,-5.99,2016,2
2016-02-13,-6.75,2016,2
2016-02-14,-7.83,2016,2
2016-02-15,-9.19,2016,2
2016-02-16,-10.39,2016,2
2016-02-17,-11.3,2016,2
2016-02-18,-12.24,2016,2
2016-02-19,-13.31,2016,2
2016-02-20,-12.08,2016,2
2016-02-21,-12.08,2016,2
2016-02-22,-12.23,2016,2
2016-02-23,-12.79,2016,2
2016-02-24,-13.32,2016,2
2016-02-25,-13.85,2016,2
2016-02-26,-14.92,2016,2
2016-02-27,-15.29,2016,2
2016-02-28,-16.15,2016,2
2016-02-29,-16.31,2016,2
2016-03-01,-0.42,2016,3
2016-03-02,-1.51,2016,3
2016-03-03,-1.96,2016,3
2016-03-04,-2.28,2016,3
2016-03-05,-2.64,2016,3
2016-03-06,-1.84,2016,3
2016-03-07,-1.3,2016,3
2016-03-08,-0.85,2016,3
2016-03-09,-0.73,2016,3
2016-03-10,-1.06,2016,3
2016-03-11,-2.2,2016,3
2016-03-12,-1.23,2016,3
2016-03-13,0.05,2016,3
2016-03-14,0.72,2016,3
2016-03-15,1.06,2016,3
2016-03-16,1.16,2016,3
2016-03-17,1.25,2016,3
2016-03-18,2.2,2016,3
2016-03-19,2.69,2016,3
2016-03-20,2.61,2016,3
2016-03-21,2.9,2016,3
2016-03-22,2.75,2016,3
2016-03-23,1.86,2016,3
2016-03-24,0.62,2016,3
2016-03-25,-0.34,2016,3
2016-03-26,-0.53,2016,3
2016-03-27,-1.61,2016,3
2016-03-28,-0.55,2016,3
2016-03-29,0.38,2016,3
2016-03-30,-0.46,2016,3
2016-03-31,-0.11,2016,3
2016-04-01,1.17,2016,4
2016-04-02,0.84,2016,4
2016-04-03,0.19,2016,4
2016-04-04,0.6,2016,4
2016-04-05,0.38,2016,4
2016-04-06,1.93,2016,4
2016-04-07,2.81,2016,4
2016-04-08,3.57,2016,4
2016-04-09,3.72,2016,4
2016-04-10,2.8,2016,4
2016-04-11,2.32,2016,4
2016-04-12,2.74,2016,4
2016-04-13,2.35,2016,4
2016-04-14,2.24,2016,4
2016-04-15,2.12,2016,4
2016-04-16,2.39,2016,4
2016-04-17,2.55,2016,4
2016-04-18,3.44,2016,4
2016-04-19,3.89,2016,4
2016-04-20,3.62,2016,4
2016-04-21,5.95,2016,4
2016-04-22,8.47,2016,4
2016-04-23,8.98,2016,4
2016-04-24,10.17,2016,4
2016-04-25,9.51,2016,4
2016-04-26,8.46,2016,4
2016-04-27,7.45,2016,4
2016-04-28,6.33,2016,4
2016-04-29,5.5,2016,4
2016-04-30,4.39,2016,4
2016-05-01,-0.85,2016,5
2016-05-02,-2.01,2016,5
2016-05-03,-3.5,2016,5
2016-05-04,-3.78,2016,5
2016-05-05,-3.43,2016,5
2016-05-06,-2.9,2016,5
2016-05-07,-2.83,2016,5
2016-05-08,-3.42,2016,5
2016-05-09,-4.67,2016,5
2016-05-10,-5.77,2016,5
2016-05-11,-6.19,2016,5
2016-05-12,-7.59,2016,5
2016-05-13,-7.86,2016,5
2016-05-14,-7.81,2016,5
2016-05-15,-6.48,2016,5
2016-05-16,-4.96,2016,5
2016-05-17,-1.06,2016,5
2016-05-18,4.23,2016,5
2016-05-19,6.81,2016,5
2016-05-20,8.65,2016,5
2016-05-21,10.15,2016,5
2016-05-22,12.01,2016,5
2016-05-23,10.58,2016,5
2016-05-24,10.64,2016,5
2016-05-25,10.06,2016,5
2016-05-26,9.36,2016,5
2016-05-27,8.55,2016,5
2016-05-28,7.81,2016,5
2016-05-29,8.97,2016,5
2016-05-30,8.97,2016,5
2016-05-31,8.58,2016,5
2016-06-01,-0.48,2016,6
2016-06-02,-0.58,2016,6
2016-06-03,-2.42,2016,6
2016-06-04,-3.15,2016,6
2016-06-05,-4.39,2016,6
2016-06-06,-5.92,2016,6
2016-06-07,-6.87,2016,6
2016-06-08,-6.02,2016,6
2016-06-09,-5.73,2016,6
2016-06-10,-7.53,2016,6
2016-06-11,-9.52,2016,6
2016-06-12,-11.38,2016,6
2016-06-13,-12.45,2016,6
2016-06-14,-14.79,2016,6
2016-06-15,-19.96,2016,6
2016-06-16,-21.78,2016,6
2016-06-17,-25.38,2016,6
2016-06-18,-26.39,2016,6
2016-06-19,-27.13,2016,6
2016-06-20,-27.57,2016,6
2016-06-21,-24.77,2016,6
2016-06-22,-20.7,2016,6
2016-06-23,-18.42,2016,6
2016-06-24,-17.21,2016,6
2016-06-25,-17.42,2016,6
2016-06-26,-15.78,2016,6
2016-06-27,-15.26,2016,6
2016-06-28,-9.81,2016,6
2016-06-29,-7.53,2016,6
2016-06-30,-8.94,2016,6
2016-07-01,-0.18,2016,7
2016-07-02,5.33,2016,7
2016-07-03,12.21,2016,7
2016-07-04,19.57,2016,7
2016-07-05,23.85,2016,7
2016-07-06,28.71,2016,7
2016-07-07,26.86,2016,7
2016-07-08,23.38,2016,7
2016-07-09,24.83,2016,7
2016-07-10,25.85,2016,7
2016-07-11,27.68,2016,7
2016-07-12,28.68,2016,7
2016-07-13,28.6,2016,7
2016-07-14,24.93,2016,7
2016-07-15,23.13,2016,7
2016-07-16,24.85,2016,7
2016-07-17,30.29,2016,7
2016-07-18,32.57,2016,7
2016-07-19,32.11,2016,7
2016-07-20,28.7,2016,7
2016-07-21,25.67,2016,7
2016-07-22,25.75,2016,7
2016-07-23,29.95,2016,7
2016-07-24,31.2,2016,7
2016-07-25,32.82,2016,7
2016-07-26,34.28,2016,7
2016-07-27,36.97,2016,7
2016-07-28,35.48,2016,7
2016-07-29,34.29,2016,7
2016-07-30,34.84,2016,7
2016-07-31,37.57,2016,7
2016-08-01,2.35,2016,8
2016-08-02,6.15,2016,8
2016-08-03,6.21,2016,8
2016-08-04,7.64,2016,8
2016-08-05,7.64,2016,8
2016-08-06,11.11,2016,8
2016-08-07,14.56,2016,8
2016-08-08,15.69,2016,8
2016-08-09,15.53,2016,8
2016-08-10,16.28,2016,8
2016-08-11,13.71,2016,8
2016-08-12,12.41,2016,8
2016-08-13,8.32,2016,8
2016-08-14,3.89,2016,8
2016-08-15,-0.97,2016,8
2016-08-16,-4.14,2016,8
2016-08-17,-5.83,2016,8
2016-08-18,-7.64,2016,8
2016-08-19,-9.93,2016,8
2016-08-20,-12.86,2016,8
2016-08-21,-15.66,2016,8
2016-08-22,-17.99,2016,8
2016-08-23,-21.94,2016,8
2016-08-24,-24.75,2016,8
2016-08-25,-28.58,2016,8
2016-08-26,-31.39,2016,8
2016-08-27,-32.09,2016,8
2016-08-28,-32.49,2016,8
2016-08-29,-33.06,2016,8
2016-08-30,-34.61,2016,8
2016-08-31,-32.59,2016,8
2016-09-01,6.07,2016,9
2016-09-02,8.13,2016,9
2016-09-03,5.55,2016,9
2016-09-04,2.41,2016,9
2016-09-05,0.54,2016,9
2016-09-06,-2.58,2016,9
2016-09-07,-7.19,2016,9
2016-09-08,-10.5,2016,9
2016-09-09,-14.17,2016,9
2016-09-10,-17.06,2016,9
2016-09-11,-18.64,2016,9
2016-09-12,-20.35,2016,9
2016-09-13,-20.08,2016,9
2016-09-14,-20.06,2016,9
2016-09-15,-21.5,2016,9
2016-09-16,-19.97,2016,9
2016-09-17,-18.75,2016,9
2016-09-18,-19.21,2016,9
2016-09-19,-18.18,2016,9
2016-09-20,-20.06,2016,9
2016-09-21,-14.16,2016,9
2016-09-22,-8.75,2016,9
2016-09-23,-7.35,2016,9
2016-09-24,-2.99,2016,9
2016-09-25,0.03,2016,9
2016-09-26,0.73,2016,9
2016-09-27,0.01,2016,9
2016-09-28,-0.09,2016,9
2016-09-29,0.64,2016,9
2016-09-30,0.17,2016,9
2016-10-01,0.67,2016,10
2016-10-02,-0.52,2016,10
2016-10-03,-2.94,2016,10
2016-10-04,-4.62,2016,10
2016-10-05,-5.26,2016,10
2016-10-06,-5.22,2016,10
2016-10-07,-4.83,2016,10
2016-10-08,-3.51,2016,10
2016-10-09,1.39,2016,10
2016-10-10,3.82,2016,10
2016-10-11,4.71,2016,10
2016-10-12,5.26,2016,10
2016-10-13,5.59,2016,10
2016-10-14,3.92,2016,10
2016-10-15,1.41,2016,10
2016-10-16,-0.89,2016,10
2016-10-17,-3.02,2016,10
2016-10-18,-5.87,2016,10
2016-10-19,-9.04,2016,10
2016-10-20,-11.59,2016,10
2016-10-21,-13.78,2016,10
2016-10-22,-15.23,2016,10
2016-10-23,-17.1,2016,10
2016-10-24,-18.61,2016,10
2016-10-25,-20.47,2016,10
2016-10-26,-21.61,2016,10
2016-10-27,-22.48,2016,10
2016-10-28,-23.37,2016,10
2016-10-29,-25.01,2016,10
2016-10-30,-26.34,2016,10
2016-10-31,-27.04,2016,10
2016-11-01,-1.16,2016,11
2016-11-02,-2.09,2016,11
2016-11-03,-2.91,2016,11
2016-11-04,-3.06,2016,11
2016-11-05,-3.21,2016,11
2016-11-06,-2.64,2016,11
2016-11-07,-3.22,2016,11
2016-11-08,-4.25,2016,11
2016-11-09,-5.07,2016,11
2016-11-10,-6.45,2016,11
2016-11-11,-7.54,2016,11
2016-11-12,-8.44,2016,11
2016-11-13,-9.5,2016,11
2016-11-14,-10.15,2016,11
2016-11-15,-10.86,2016,11
2016-11-16,-12.22,2016,11
2016-11-17,-13.33,2016,11
2016-11-18,-14.33,2016,11
2016-11-19,-15.28,2016,11
2016-11-20,-15.99,2016,11
2016-11-21,-16.7,2016,11
2016-11-22,-17.41,2016,11
2016-11-23,-18.33,2016,11
2016-11-24,-19.16,2016,11
2016-11-25,-19.84,2016,11
2016-11-26,-20.57,2016,11
2016-11-27,-21.25,2016,11
2016-11-28,-21.91,2016,11
2016-11-29,-22.48,2016,11
2016-11-30,-23.2,2016,11
2016-12-01,-0.48,2016,12
2016-12-02,0.11,2016,12
2016-12-03,0.57,2016,12
2016-12-04,0.55,2016,12
2016-12-05,0.51,2016,12
2016-12-06,0.06,2016,12
2016-12-07,-0.32,2016,12
2016-12-08,-1.0,2016,12
2016-12-09,-1.51,2016,12
2016-12-10,-2.09,2016,12
2016-12-11,-2.44,2016,12
2016-12-12,-2.92,2016,12
2016-12-13,-0.83,2016,12
2016-12-14,-1.05,2016,12
2016-12-15,-1.41,2016,12
2016-12-16,-1.88,2016,12
2016-12-17,-2.29,2016,12
2016-12-18,-2.63,2016,12
2016-12-19,-3.17,2016,12
2016-12-20,-3.73,2016,12
2016-12-21,-4.09,2016,12
2016-12-22,-4.43,2016,12
2016-12-23,-4.98,2016,12
2016-12-24,-5.32,2016,12
2016-12-25,-5.91,2016,12
2016-12-26,-6.27,2016,12
2016-12-27,-6.31,2016,12
2016-12-28,-6.19,2016,12
2016-12-29,-6.59,2016,12
2016-12-30,-7.23,2016,12
2016-12-31,-7.75,2016,12
2017-01-01,-0.41,2017,1
2017-01-02,-0.57,2017,1
2017-01-03,-0.15,2017,1
2017-01-04,-0.05,2017,1
2017-01-05,0.36,2017,1
2017-01-06,1.41,2017,1
2017-01-07,1.71,2017,1
2017-01-08,0.9,2017,1
2017-01-09,0.56,2017,1
2017-01-10,0.39,2017,1
2017-01-11,-0.12,2017,1
2017-01-12,-0.78,2017,1
2017-01-13,-1.67,2017,1
2017-01-14,-2.13,2017,1
2017-01-15,-2.25,2017,1
2017-01-16,-2.82,2017,1
2017-01-17,-3.31,2017,1
2017-01-18,-3.94,2017,1
2017-01-19,-4.17,2017,1
2017-01-20,-4.09,2017,1
2017-01-21,-3.75,2017,1
2017-01-22,-4.45,2017,1
2017-01-23,-4.69,2017,1
2017-01-24,-3.68,2017,1
2017-01-25,-0.54,2017,1
2017-01-26,3.14,2017,1
2017-01-27,3.99,2017,1
2017-01-28,4.37,2017,1
2017-01-29,4.07,2017,1
2017-01-30,3.94,2017,1
2017-01-31,3.4,2017,1
2017-02-01,-0.5,2017,2
2017-02-02,3.51,2017,2
2017-02-03,3.04,2017,2
2017-02-04,4.03,2017,2
2017-02-05,4.75,2017,2
2017-02-06,4.06,2017,2
2017-02-07,3.23,2017,2
2017-02-08,2.21,2017,2
2017-02-09,1.42,2017,2
2017-02-10,0.56,2017,2
2017-02-11,-0.05,2017,2
2017-02-12,-1.12,2017,2
2017-02-13,-1.97,2017,2
2017-02-14,-3.18,2017,2
2017-02-15,-4.24,2017,2
2017-02-16,-5.34,2017,2
2017-02-17,-6.0,2017,2
2017-02-18,-6.11,2017,2
2017-02-19,-6.73,2017,2
2017-02-20,-5.14,2017,2
2017-02-21,-3.77,2017,2
2017-02-22,-2.61,2017,2
2017-02-23,-3.01,2017,2
2017-02-24,-3.99,2017,2
2017-02-25,-5.58,2017,2
2017-02-26,-7.02,2017,2
2017-02-27,-7.69,2017,2
2017-02-28,-8.45,2017,2
2017-03-01,-0.08,2017,3
2017-03-02,-0.62,2017,3
2017-03-03,-1.15,2017,3
2017-03-04,-0.86,2017,3
2017-03-05,-0.61,2017,3
2017-03-06,-0.82,2017,3
2017-03-07,1.38,2017,3
2017-03-08,3.2,2017,3
2017-03-09,4.48,2017,3
2017-03-10,7.38,2017,3
2017-03-11,8.32,2017,3
2017-03-12,7.38,2017,3
2017-03-13,6.08,2017,3
2017-03-14,5.43,2017,3
2017-03-15,5.91,2017,3
2017-03-16,5.74,2017,3
2017-03-17,5.76,2017,3
2017-03-18,6.4,2017,3
2017-03-19,6.17,2017,3
2017-03-20,5.87,2017,3
2017-03-21,5.17,2017,3
2017-03-22,3.76,2017,3
2017-03-23,2.36,2017,3
2017-03-24,1.88,2017,3
2017-03-25,0.87,2017,3
2017-03-26,-0.23,2017,3
2017-03-27,-1.02,2017,3
2017-03-28,-1.43,2017,3
2017-03-29,-0.51,2017,3
2017-03-30,1.61,2017,3
2017-03-31,3.93,2017,3
2017-04-01,1.77,2017,4
2017-04-02,4.21,2017,4
2017-04-03,5.55,2017,4
2017-04-04,6.9,2017,4
2017-04-05,10.68,2017,4
2017-04-06,11.69,2017,4
2017-04-07,11.57,2017,4
2017-04-08,11.5,2017,4
2017-04-09,10.79,2017,4
2017-04-10,9.67,2017,4
2017-04-11,8.65,2017,4
2017-04-12,7.56,2017,4
2017-04-13,6.35,2017,4
2017-04-14,5.02,2017,4
2017-04-15,4.38,2017,4
2017-04-16,3.22,2017,4
2017-04-17,2.1,2017,4
2017-04-18,1.06,2017,4
2017-04-19,1.5,2017,4
2017-04-20,1.99,2017,4
2017-04-21,3.4,2017,4
2017-04-22,4.87,2017,4
2017-04-23,5.82,2017,4
2017-04-24,7.01,2017,4
2017-04-25,10.33,2017,4
2017-04-26,11.3,2017,4
2017-04-27,11.15,2017,4
2017-04-28,11.94,2017,4
2017-04-29,13.12,2017,4
2017-04-30,13.76,2017,4
2017-05-01,-0.21,2017,5
2017-05-02,-1.51,2017,5
2017-05-03,-2.39,2017,5
2017-05-04,-3.2,2017,5
2017-05-05,-3.95,2017,5
2017-05-06,-4.26,2017,5
2017-05-07,-5.27,2017,5
2017-05-08,-5.81,2017,5
2017-05-09,-6.19,2017,5
2017-05-10,-6.59,2017,5
2017-05-11,-7.95,2017,5
2017-05-12,-8.28,2017,5
2017-05-13,-8.18,2017,5
2017-05-14,-8.66,2017,5
2017-05-15,-7.75,2017,5
2017-05-16,-8.37,2017,5
2017-05-17,-8.67,2017,5
2017-05-18,-7.05,2017,5
2017-05-19,-6.89,2017,5
2017-05-20,-5.59,2017,5
2017-05-21,-5.62,2017,5
2017-05-22,-6.72,2017,5
2017-05-23,-7.22,2017,5
2017-05-24,-6.37,2017,5
2017-05-25,-7.41,2017,5
2017-05-26,-6.35,2017,5
2017-05-27,-8.21,2017,5
2017-05-28,-8.82,2017,5
2017-05-29,-9.22,2017,5
2017-05-30,-5.97,2017,5
2017-05-31,-3.84,2017,5
2017-06-01,1.77,2017,6
2017-06-02,5.48,2017,6
2017-06-03,8.22,2017,6
2017-06-04,6.49,2017,6
2017-06-05,6.42,2017,6
2017-06-06,8.69,2017,6
2017-06-07,9.16,2017,6
2017-06-08,7.2,2017,6
2017-06-09,8.59,2017,6
2017-06-10,13.55,2017,6
2017-06-11,15.27,2017,6
2017-06-12,18.04,2017,6
2017-06-13,16.55,2017,6
2017-06-14,12.68,2017,6
2017-06-15,11.96,2017,6
2017-06-16,12.2,2017,6
2017-06-17,9.92,2017,6
2017-06-18,8.87,2017,6
2017-06-19,9.1,2017,6
2017-06-20,9.25,2017,6
2017-06-21,9.45,2017,6
2017-06-22,6.14,2017,6
2017-06-23,3.81,2017,6
2017-06-24,3.44,2017,6
2017-06-25,4.35,2017,6
2017-06-26,5.26,2017,6
2017-06-27,7.8,2017,6
2017-06-28,9.79,2017,6
2017-06-29,13.0,2017,6
2017-06-30,16.35,2017,6
2017-07-01,5.09,2017,7
2017-07-02,4.89,2017,7
2017-07-03,4.1,2017,7
2017-07-04,4.51,2017,7
2017-07-05,2.35,2017,7
2017-07-06,1.47,2017,7
2017-07-07,-3.11,2017,7
2017-07-08,-3.98,2017,7
2017-07-09,0.27,2017,7
2017-07-10,1.04,2017,7
2017-07-11,-1.07,2017,7
2017-07-12,-3.01,2017,7
2017-07-13,-0.32,2017,7
2017-07-14,1.66,2017,7
2017-07-15,0.46,2017,7
2017-07-16,-1.0,2017,7
2017-07-17,1.39,2017,7
2017-07-18,7.16,2017,7
2017-07-19,8.39,2017,7
2017-07-20,8.7,2017,7
2017-07-21,9.77,2017,7
2017-07-22,12.12,2017,7
2017-07-23,14.29,2017,7
2017-07-24,17.04,2017,7
2017-07-25,16.26,2017,7
2017-07-26,15.7,2017,7
2017-07-27,12.54,2017,7
2017-07-28,9.19,2017,7
2017-07-29,4.33,2017,7
2017-07-30,-0.83,2017,7
2017-07-31,-4.28,2017,7
2017-08-01,-2.45,2017,8
2017-08-02,-5.84,2017,8
2017-08-03,-10.51,2017,8
2017-08-04,-14.38,2017,8
2017-08-05,-18.42,2017,8
2017-08-06,-21.46,2017,8
2017-08-07,-23.82,2017,8
2017-08-08,-24.61,2017,8
2017-08-09,-22.71,2017,8
2017-08-10,-21.18,2017,8
2017-08-11,-18.26,2017,8
2017-08-12,-17.21,2017,8
2017-08-13,-20.29,2017,8
2017-08-14,-22.09,2017,8
2017-08-15,-25.52,2017,8
2017-08-16,-30.49,2017,8
2017-08-17,-35.77,2017,8
2017-08-18,-37.48,2017,8
2017-08-19,-37.69,2017,8
2017-08-20,-35.82,2017,8
2017-08-21,-36.07,2017,8
2017-08-22,-38.55,2017,8
2017-08-23,-43.56,2017,8
2017-08-24,-44.37,2017,8
2017-08-25,-44.5,2017,8
2017-08-26,-44.34,2017,8
2017-08-27,-42.6,2017,8
2017-08-28,-38.27,2017,8
2017-08-29,-32.4,2017,8
2017-08-30,-28.89,2017,8
2017-08-31,-30.68,2017,8
2017-09-01,-0.84,2017,9
2017-09-02,0.07,2017,9
2017-09-03,-1.1,2017,9
2017-09-04,-4.68,2017,9
2017-09-05,-9.51,2017,9
2017-09-06,-13.38,2017,9
2017-09-07,-16.44,2017,9
2017-09-08,-18.06,2017,9
2017-09-09,-18.62,2017,9
2017-09-10,-19.14,2017,9
2017-09-11,-21.98,2017,9
2017-09-12,-24.66,2017,9
2017-09-13,-24.38,2017,9
2017-09-14,-23.36,2017,9
2017-09-15,-24.56,2017,9
2017-09-16,-25.43,2017,9
2017-09-17,-25.09,2017,9
2017-09-18,-22.0,2017,9
2017-09-19,-20.64,2017,9
2017-09-20,-15.34,2017,9
2017-09-21,-11.15,2017,9
2017-09-22,-8.71,2017,9
2017-09-23,-8.39,2017,9
2017-09-24,-10.83,2017,9
2017-09-25,-14.25,2017,9
2017-09-26,-17.5,2017,9
2017-09-27,-19.37,2017,9
2017-09-28,-19.5,2017,9
2017-09-29,-16.25,2017,9
2017-09-30,-12.09,2017,9
2017-10-01,0.45,2017,10
2017-10-02,2.37,2017,10
2017-10-03,2.09,2017,10
2017-10-04,-0.38,2017,10
2017-10-05,-2.34,2017,10
2017-10-06,-2.79,2017,10
2017-10-07,-2.05,2017,10
2017-10-08,-1.35,2017,10
2017-10-09,-0.75,2017,10
2017-10-10,2.47,2017,10
2017-10-11,4.19,2017,10
2017-10-12,5.08,2017,10
2017-10-13,6.1,2017,10
2017-10-14,8.72,2017,10
2017-10-15,11.05,2017,10
2017-10-16,10.51,2017,10
2017-10-17,8.62,2017,10
2017-10-18,6.51,2017,10
2017-10-19,4.79,2017,10
2017-10-20,6.54,2017,10
2017-10-21,9.54,2017,10
2017-10-22,12.68,2017,10
2017-10-23,11.75,2017,10
2017-10-24,11.18,2017,10
2017-10-25,9.87,2017,10
2017-10-26,8.93,2017,10
2017-10-27,8.18,2017,10
2017-10-28,7.33,2017,10
2017-10-29,5.44,2017,10
2017-10-30,5.56,2017,10
2017-10-31,7.14,2017,10
2017-11-01,-0.75,2017,11
2017-11-02,-1.21,2017,11
2017-11-03,-1.33,2017,11
2017-11-04,-1.92,2017,11
2017-11-05,-1.67,2017,11
2017-11-06,-1.37,2017,11
2017-11-07,-1.59,2017,11
2017-11-08,-2.24,2017,11
2017-11-09,-2.7,2017,11
2017-11-10,-3.94,2017,11
2017-11-11,-4.6,2017,11
2017-11-12,-5.54,2017,11
2017-11-13,-6.51,2017,11
2017-11-14,-7.06,2017,11
2017-11-15,-7.6,2017,11
2017-11-16,-7.42,2017,11
2017-11-17,-7.67,2017,11
2017-11-18,-7.59,2017,11
2017-11-19,-8.05,2017,11
2017-11-20,-8.31,2017,11
2017-11-21,-8.31,2017,11
2017-11-22,-8.85,2017,11
2017-11-23,-9.4,2017,11
2017-11-24,-10.22,2017,11
2017-11-25,-10.89,2017,11
2017-11-26,-11.54,2017,11
2017-11-27,-10.84,2017,11
2017-11-28,-10.46,2017,11
2017-11-29,-10.8,2017,11
2017-11-30,-10.31,2017,11
2017-12-01,2.57,2017,12
2017-12-02,4.14,2017,12
2017-12-03,4.2,2017,12
2017-12-04,3.76,2017,12
2017-12-05,3.77,2017,12
2017-12-06,4.86,2017,12
2017-12-07,4.57,2017,12
2017-12-08,4.02,2017,12
2017-12-09,3.96,2017,12
2017-12-10,4.49,2017,12
2017-12-11,5.32,2017,12
2017-12-12,7.98,2017,12
2017-12-13,7.85,2017,12
2017-12-14,7.86,2017,12
2017-12-15,7.42,2017,12
2017-12-16,6.94,2017,12
2017-12-17,6.51,2017,12
2017-12-18,6.24,2017,12
2017-12-19,5.78,2017,12
2017-12-20,5.44,2017,12
2017-12-21,5.37,2017,12
2017-12-22,5.18,2017,12
2017-12-23,4.65,2017,12
2017-12-24,4.31,2017,12
2017-12-25,3.77,2017,12
2017-12-26,3.4,2017,12
2017-12-27,3.02,2017,12
2017-12-28,2.51,2017,12
2017-12-29,2.03,2017,12
2017-12-30,1.39,2017,12
2017-12-31,0.87,2017,12
2018-01-01,-0.71,2018,1
2018-01-02,-1.07,2018,1
2018-01-03,-1.44,2018,1
2018-01-04,-1.58,2018,1
2018-01-05,-1.69,2018,1
2018-01-06,-2.2,2018,1
2018-01-07,-2.69,2018,1
2018-01-08,-3.48,2018,1
2018-01-09,-4.21,2018,1
2018-01-10,-4.49,2018,1
2018-01-11,-4.89,2018,1
2018-01-12,-5.52,2018,1
2018-01-13,-6.39,2018,1
2018-01-14,-6.9,2018,1
2018-01-15,-7.7,2018,1
2018-01-16,-8.79,2018,1
2018-01-17,-9.77,2018,1
2018-01-18,-10.43,2018,1
2018-01-19,-10.88,2018,1
2018-01-20,-11.41,2018,1
2018-01-21,-11.89,2018,1
2018-01-22,-12.7,2018,1
2018-01-23,-13.2,2018,1
2018-01-24,-12.8,2018,1
2018-01-25,-12.93,2018,1
2018-01-26,-13.45,2018,1
2018-01-27,-13.94,2018,1
2018-01-28,-14.76,2018,1
2018-01-29,-15.32,2018,1
2018-01-30,-16.02,2018,1
2018-01-31,-16.65,2018,1
2018-02-01,-0.36,2018,2
2018-02-02,-1.05,2018,2
2018-02-03,-1.46,2018,2
2018-02-04,-1.8,2018,2
2018-02-05,-2.25,2018,2
2018-02-06,-2.99,2018,2
2018-02-07,-3.72,2018,2
2018-02-08,-4.0,2018,2
2018-02-09,-4.42,2018,2
2018-02-10,-5.1,2018,2
2018-02-11,-6.18,2018,2
2018-02-12,-5.72,2018,2
2018-02-13,-3.29,2018,2
2018-02-14,-3.31,2018,2
2018-02-15,-3.9,2018,2
2018-02-16,-4.64,2018,2
2018-02-17,-5.52,2018,2
2018-02-18,-6.48,2018,2
2018-02-19,-7.63,2018,2
2018-02-20,-8.55,2018,2
2018-02-21,-9.45,2018,2
2018-02-22,-10.25,2018,2
2018-02-23,-10.79,2018,2
2018-02-24,-11.6,2018,2
2018-02-25,-11.61,2018,2
2018-02-26,-12.22,2018,2
2018-02-27,-13.28,2018,2
2018-02-28,-14.42,2018,2
2018-03-01,-1.02,2018,3
2018-03-02,-1.91,2018,3
2018-03-03,-1.54,2018,3
2018-03-04,-1.23,2018,3
2018-03-05,-1.76,2018,3
2018-03-06,-1.82,2018,3
2018-03-07,-1.16,2018,3
2018-03-08,-1.8,2018,3
2018-03-09,-2.64,2018,3
2018-03-10,-3.7,2018,3
2018-03-11,-4.93,2018,3
2018-03-12,-6.19,2018,3
2018-03-13,-7.15,2018,3
2018-03-14,-7.35,2018,3
2018-03-15,-7.37,2018,3
2018-03-16,-5.66,2018,3
2018-03-17,-4.59,2018,3
2018-03-18,-4.57,2018,3
2018-03-19,-4.9,2018,3
2018-03-20,-5.66,2018,3
2018-03-21,-6.72,2018,3
2018-03-22,-7.42,2018,3
2018-03-23,-8.15,2018,3
2018-03-24,-9.24,2018,3
2018-03-25,-10.57,2018,3
2018-03-26,-11.77,2018,3
2018-03-27,-12.27,2018,3
2018-03-28,-13.05,2018,3
2018-03-29,-14.21,2018,3
2018-03-30,-15.17,2018,3
2018-03-31,-15.52,2018,3
2018-04-01,-0.4,2018,4
2018-04-02,-0.21,2018,4
2018-04-03,-1.1,2018,4
2018-04-04,-1.95,2018,4
2018-04-05,-2.16,2018,4
2018-04-06,-2.1,2018,4
2018-04-07,-1.71,2018,4
2018-04-08,-0.24,2018,4
2018-04-09,0.31,2018,4
2018-04-10,0.88,2018,4
2018-04-11,3.12,2018,4
2018-04-12,5.26,2018,4
2018-04-13,7.18,2018,4
2018-04-14,7.57,2018,4
2018-04-15,8.54,2018,4
2018-04-16,7.73,2018,4
2018-04-17,7.43,2018,4
2018-04-18,6.42,2018,4
2018-04-19,6.21,2018,4
2018-04-20,6.2,2018,4
2018-04-21,7.93,2018,4
2018-04-22,9.16,2018,4
2018-04-23,9.04,2018,4
2018-04-24,8.31,2018,4
2018-04-25,7.48,2018,4
2018-04-26,6.4,2018,4
2018-04-27,5.37,2018,4
2018-04-28,4.57,2018,4
2018-04-29,4.55,2018,4
2018-04-30,5.34,2018,4
2018-05-01,1.66,2018,5
2018-05-02,1.39,2018,5
2018-05-03,2.95,2018,5
2018-05-04,3.69,2018,5
2018-05-05,4.61,2018,5
2018-05-06,4.46,2018,5
2018-05-07,4.34,2018,5
2018-05-08,5.05,2018,5
2018-05-09,5.34,2018,5
2018-05-10,6.68,2018,5
2018-05-11,6.46,2018,5
2018-05-12,6.09,2018,5
2018-05-13,5.63,2018,5
2018-05-14,7.19,2018,5
2018-05-15,7.16,2018,5
2018-05-16,6.37,2018,5
2018-05-17,6.11,2018,5
2018-05-18,6.86,2018,5
2018-05-19,5.53,2018,5
2018-05-20,4.7,2018,5
2018-05-21,3.82,2018,5
2018-05-22,2.44,2018,5
2018-05-23,1.68,2018,5
2018-05-24,3.11,2018,5
2018-05-25,5.24,2018,5
2018-05-26,6.9,2018,5
2018-05-27,8.78,2018,5
2018-05-28,9.36,2018,5
2018-05-29,9.59,2018,5
2018-05-30,9.56,2018,5
2018-05-31,7.5,2018,5
2018-06-01,-0.97,2018,6
2018-06-02,-0.09,2018,6
2018-06-03,-0.7,2018,6
2018-06-04,-0.94,2018,6
2018-06-05,-2.84,2018,6
2018-06-06,-4.38,2018,6
2018-06-07,-3.46,2018,6
2018-06-08,-0.83,2018,6
2018-06-09,1.77,2018,6
2018-06-10,4.64,2018,6
2018-06-11,4.08,2018,6
2018-06-12,3.77,2018,6
2018-06-13,4.11,2018,6
2018-06-14,4.11,2018,6
2018-06-15,2.01,2018,6
2018-06-16,4.64,2018,6
2018-06-17,2.18,2018,6
2018-06-18,-0.7,2018,6
2018-06-19,-4.93,2018,6
2018-06-20,-8.75,2018,6
2018-06-21,-10.68,2018,6
2018-06-22,-11.1,2018,6
2018-06-23,-9.72,2018,6
2018-06-24,-8.82,2018,6
2018-06-25,-9.83,2018,6
2018-06-26,-8.39,2018,6
2018-06-27,-6.06,2018,6
2018-06-28,1.87,2018,6
2018-06-29,2.21,2018,6
2018-06-30,0.04,2018,6
2018-07-01,-0.97,2018,7
2018-07-02,-0.36,2018,7
2018-07-03,3.53,2018,7
2018-07-04,5.85,2018,7
2018-07-05,5.09,2018,7
2018-07-06,2.33,2018,7
2018-07-07,2.72,2018,7
2018-07-08,3.51,2018,7
2018-07-09,5.09,2018,7
2018-07-10,4.65,2018,7
2018-07-11,5.36,2018,7
2018-07-12,8.0,2018,7
2018-07-13,9.9,2018,7
2018-07-14,12.22,2018,7
2018-07-15,14.06,2018,7
2018-07-16,19.66,2018,7
2018-07-17,24.71,2018,7
2018-07-18,24.15,2018,7
2018-07-19,28.02,2018,7
2018-07-20,26.49,2018,7
2018-07-21,29.08,2018,7
2018-07-22,32.62,2018,7
2018-07-23,34.55,2018,7
2018-07-24,32.92,2018,7
2018-07-25,30.61,2018,7
2018-07-26,31.81,2018,7
2018-07-27,29.27,2018,7
2018-07-28,25.29,2018,7
2018-07-29,23.08,2018,7
2018-07-30,18.78,2018,7
2018-07-31,18.52,2018,7
2018-08-01,-3.29,2018,8
2018-08-02,-5.68,2018,8
2018-08-03,-9.74,2018,8
2018-08-04,-14.15,2018,8
2018-08-05,-18.25,2018,8
2018-08-06,-21.01,2018,8
2018-08-07,-21.42,2018,8
2018-08-08,-19.2,2018,8
2018-08-09,-21.24,2018,8
2018-08-10,-26.39,2018,8
2018-08-11,-26.63,2018,8
2018-08-12,-24.4,2018,8
2018-08-13,-22.14,2018,8
2018-08-14,-22.17,2018,8
2018-08-15,-19.86,2018,8
2018-08-16,-13.19,2018,8
2018-08-17,-10.18,2018,8
2018-08-18,-11.44,2018,8
2018-08-19,-13.15,2018,8
2018-08-20,-10.62,2018,8
2018-08-21,-6.26,2018,8
2018-08-22,-6.61,2018,8
2018-08-23,-8.85,2018,8
2018-08-24,-10.62,2018,8
2018-08-25,-10.39,2018,8
2018-08-26,-8.25,2018,8
2018-08-27,-7.27,2018,8
2018-08-28,-8.82,2018,8
2018-08-29,-9.38,2018,8
2018-08-30,-12.92,2018,8
2018-08-31,-14.6,2018,8
2018-09-01,-0.94,2018,9
2018-09-02,-2.22,2018,9
2018-09-03,-2.66,2018,9
2018-09-04,-5.41,2018,9
2018-09-05,-8.69,2018,9
2018-09-06,-9.82,2018,9
2018-09-07,-10.25,2018,9
2018-09-08,-11.64,2018,9
2018-09-09,-14.41,2018,9
2018-09-10,-15.73,2018,9
2018-09-11,-17.24,2018,9
2018-09-12,-18.4,2018,9
2018-09-13,-20.18,2018,9
2018-09-14,-16.52,2018,9
2018-09-15,-20.6,2018,9
2018-09-16,-24.91,2018,9
2018-09-17,-28.04,2018,9
2018-09-18,-32.37,2018,9
2018-09-19,-36.82,2018,9
2018-09-20,-39.53,2018,9
2018-09-21,-36.56,2018,9
2018-09-22,-31.32,2018,9
2018-09-23,-28.27,2018,9
2018-09-24,-25.62,2018,9
2018-09-25,-25.92,2018,9
2018-09-26,-24.36,2018,9
2018-09-27,-26.36,2018,9
2018-09-28,-28.19,2018,9
2018-09-29,-30.2,2018,9
2018-09-30,-32.2,2018,9
2018-10-01,-2.84,2018,10
2018-10-02,-4.64,2018,10
2018-10-03,-8.56,2018,10
2018-10-04,-10.52,2018,10
2018-10-05,-12.29,2018,10
2018-10-06,-13.88,2018,10
2018-10-07,-16.07,2018,10
2018-10-08,-18.61,2018,10
2018-10-09,-19.65,2018,10
2018-10-10,-22.01,2018,10
2018-10-11,-21.42,2018,10
2018-10-12,-19.3,2018,10
2018-10-13,-19.01,2018,10
2018-10-14,-20.29,2018,10
2018-10-15,-21.44,2018,10
2018-10-16,-22.81,2018,10
2018-10-17,-21.4,2018,10
2018-10-18,-22.2,2018,10
2018-10-19,-19.98,2018,10
2018-10-20,-21.58,2018,10
2018-10-21,-23.26,2018,10
2018-10-22,-24.86,2018,10
2018-10-23,-26.49,2018,10
2018-10-24,-27.77,2018,10
2018-10-25,-29.34,2018,10
2018-10-26,-30.63,2018,10
2018-10-27,-31.98,2018,10
2018-10-28,-33.06,2018,10
2018-10-29,-34.89,2018,10
2018-10-30,-36.67,2018,10
2018-10-31,-38.45,2018,10
2018-11-01,-0.91,2018,11
2018-11-02,11.89,2018,11
2018-11-03,12.67,2018,11
2018-11-04,14.32,2018,11
2018-11-05,13.98,2018,11
2018-11-06,14.06,2018,11
2018-11-07,13.39,2018,11
2018-11-08,12.53,2018,11
2018-11-09,11.57,2018,11
2018-11-10,10.49,2018,11
2018-11-11,9.54,2018,11
2018-11-12,8.55,2018,11
2018-11-13,7.76,2018,11
2018-11-14,7.31,2018,11
2018-11-15,7.19,2018,11
2018-11-16,7.99,2018,11
2018-11-17,8.37,2018,11
2018-11-18,12.42,2018,11
2018-11-19,12.26,2018,11
2018-11-20,12.34,2018,11
2018-11-21,12.36,2018,11
2018-11-22,12.94,2018,11
2018-11-23,12.99,2018,11
2018-11-24,13.64,2018,11
2018-11-25,13.23,2018,11
2018-11-26,12.56,2018,11
2018-11-27,11.97,2018,11
2018-11-28,11.42,2018,11
2018-11-29,11.03,2018,11
2018-11-30,10.82,2018,11
2018-12-01,-0.64,2018,12
2018-12-02,-1.22,2018,12
2018-12-03,-1.69,2018,12
2018-12-04,-1.89,2018,12
2018-12-05,-1.9,2018,12
2018-12-06,-1.51,2018,12
2018-12-07,-1.97,2018,12
2018-12-08,-1.86,2018,12
2018-12-09,-2.59,2018,12
2018-12-10,-2.97,2018,12
2018-12-11,-2.79,2018,12
2018-12-12,-3.07,2018,12
2018-12-13,-3.23,2018,12
2018-12-14,-3.28,2018,12
2018-12-15,-3.8,2018,12
2018-12-16,-4.39,2018,12
2018-12-17,-2.73,2018,12
2018-12-18,3.42,2018,12
2018-12-19,4.81,2018,12
2018-12-20,4.26,2018,12
2018-12-21,3.89,2018,12
2018-12-22,3.64,2018,12
2018-12-23,3.36,2018,12
2018-12-24,3.23,2018,12
2018-12-25,2.89,2018,12
2018-12-26,2.49,2018,12
2018-12-27,2.2,2018,12
2018-12-28,1.74,2018,12
2018-12-29,1.65,2018,12
2018-12-30,1.02,2018,12
2018-12-31,0.52,2018,12
2019-01-01,-0.69,2019,1
2019-01-02,-0.94,2019,1
2019-01-03,-1.38,2019,1
2019-01-04,-1.62,2019,1
2019-01-05,-1.09,2019,1
2019-01-06,-1.05,2019,1
2019-01-07,-1.25,2019,1
2019-01-08,-2.07,2019,1
2019-01-09,-2.74,2019,1
2019-01-10,-3.2,2019,1
2019-01-11,-3.41,2019,1
2019-01-12,-3.63,2019,1
2019-01-13,-3.82,2019,1
2019-01-14,-4.28,2019,1
2019-01-15,-5.07,2019,1
2019-01-16,-6.14,2019,1
2019-01-17,-6.68,2019,1
2019-01-18,-7.39,2019,1
2019-01-19,-7.44,2019,1
2019-01-20,-7.75,2019,1
2019-01-21,-7.56,2019,1
2019-01-22,-5.71,2019,1
2019-01-23,-4.27,2019,1
2019-01-24,-4.29,2019,1
2019-01-25,-3.62,2019,1
2019-01-26,-2.33,2019,1
2019-01-27,-2.39,2019,1
2019-01-28,-2.41,2019,1
2019-01-29,-2.81,2019,1
2019-01-30,-3.26,2019,1
2019-01-31,-3.44,2019,1
2019-02-01,0.24,2019,2
2019-02-02,-0.21,2019,2
2019-02-03,-0.69,2019,2
2019-02-04,-1.36,2019,2
2019-02-05,-2.03,2019,2
2019-02-06,-2.54,2019,2
2019-02-07,-1.35,2019,2
2019-02-08,0.9,2019,2
2019-02-09,1.4,2019,2
2019-02-10,1.4,2019,2
2019-02-11,0.44,2019,2
2019-02-12,-0.68,2019,2
2019-02-13,-1.2,2019,2
2019-02-14,-1.75,2019,2
2019-02-15,-1.14,2019,2
2019-02-16,0.02,2019,2
2019-02-17,-0.43,2019,2
2019-02-18,0.09,2019,2
2019-02-19,0.44,2019,2
2019-02-20,0.22,2019,2
2019-02-21,1.03,2019,2
2019-02-22,2.04,2019,2
2019-02-23,1.43,2019,2
2019-02-24,0.89,2019,2
2019-02-25,0.35,2019,2
2019-02-26,0.47,2019,2
2019-02-27,1.52,2019,2
2019-02-28,3.17,2019,2
2019-03-01,0.24,2019,3
2019-03-02,-0.62,2019,3
2019-03-03,0.45,2019,3
2019-03-04,0.37,2019,3
2019-03-05,0.6,2019,3
2019-03-06,0.93,2019,3
2019-03-07,0.79,2019,3
2019-03-08,0.36,2019,3
2019-03-09,-0.27,2019,3
2019-03-10,-1.02,2019,3
2019-03-11,-1.93,2019,3
2019-03-12,-1.98,2019,3
2019-03-13,-3.21,2019,3
2019-03-14,-3.56,2019,3
2019-03-15,-3.6,2019,3
2019-03-16,-3.68,2019,3
2019-03-17,-4.36,2019,3
2019-03-18,-4.0,2019,3
2019-03-19,-3.81,2019,3
2019-03-20,-3.34,2019,3
2019-03-21,-2.83,2019,3
2019-03-22,-4.02,2019,3
2019-03-23,-4.9,2019,3
2019-03-24,-6.16,2019,3
2019-03-25,-7.46,2019,3
2019-03-26,-7.17,2019,3
2019-03-27,-5.99,2019,3
2019-03-28,-6.86,2019,3
2019-03-29,-8.24,2019,3
2019-03-30,-9.34,2019,3
2019-03-31,-9.42,2019,3
2019-04-01,1.4,2019,4
2019-04-02,0.69,2019,4
2019-04-03,1.1,2019,4
2019-04-04,-0.1,2019,4
2019-04-05,-0.35,2019,4
2019-04-06,-0.98,2019,4
2019-04-07,-0.16,2019,4
2019-04-08,-0.87,2019,4
2019-04-09,-0.84,2019,4
2019-04-10,0.31,2019,4
2019-04-11,-0.38,2019,4
2019-04-12,-1.16,2019,4
2019-04-13,-2.17,2019,4
2019-04-14,-2.74,2019,4
2019-04-15,-3.86,2019,4
2019-04-16,-3.84,2019,4
2019-04-17,-0.59,2019,4
2019-04-18,0.31,2019,4
2019-04-19,0.32,2019,4
2019-04-20,-0.02,2019,4
2019-04-21,-0.12,2019,4
2019-04-22,-0.34,2019,4
2019-04-23,-0.55,2019,4
2019-04-24,-1.61,2019,4
2019-04-25,-2.05,2019,4
2019-04-26,-2.87,2019,4
2019-04-27,-4.1,2019,4
2019-04-28,-4.64,2019,4
2019-04-29,-4.78,2019,4
2019-04-30,-4.37,2019,4
2019-05-01,2.9,2019,5
2019-05-02,4.87,2019,5
2019-05-03,6.88,2019,5
2019-05-04,10.2,2019,5
2019-05-05,11.35,2019,5
2019-05-06,11.09,2019,5
2019-05-07,10.15,2019,5
2019-05-08,8.38,2019,5
2019-05-09,7.33,2019,5
2019-05-10,6.35,2019,5
2019-05-11,6.33,2019,5
2019-05-12,5.67,2019,5
2019-05-13,5.54,2019,5
2019-05-14,5.59,2019,5
2019-05-15,4.97,2019,5
2019-05-16,4.7,2019,5
2019-05-17,4.28,2019,5
2019-05-18,4.53,2019,5
2019-05-19,3.2,2019,5
2019-05-20,1.09,2019,5
2019-05-21,-0.75,2019,5
2019-05-22,-1.37,2019,5
2019-05-23,-1.36,2019,5
2019-05-24,-0.9,2019,5
2019-05-25,-0.78,2019,5
2019-05-26,-0.63,2019,5
2019-05-27,-1.11,2019,5
2019-05-28,-3.17,2019,5
2019-05-29,-4.71,2019,5
2019-05-30,-5.93,2019,5
2019-05-31,-8.04,2019,5
2019-06-01,-1.27,2019,6
2019-06-02,-3.84,2019,6
2019-06-03,-3.88,2019,6
2019-06-04,-3.36,2019,6
2019-06-05,-5.44,2019,6
2019-06-06,-8.32,2019,6
2019-06-07,-10.99,2019,6
2019-06-08,-14.08,2019,6
2019-06-09,-16.67,2019,6
2019-06-10,-18.13,2019,6
2019-06-11,-20.3,2019,6
2019-06-12,-22.6,2019,6
2019-06-13,-24.8,2019,6
2019-06-14,-27.76,2019,6
2019-06-15,-30.12,2019,6
2019-06-16,-32.13,2019,6
2019-06-17,-35.77,2019,6
2019-06-18,-37.59,2019,6
2019-06-19,-38.97,2019,6
2019-06-20,-40.71,2019,6
2019-06-21,-41.46,2019,6
2019-06-22,-42.64,2019,6
2019-06-23,-43.46,2019,6
2019-06-24,-45.68,2019,6
2019-06-25,-47.16,2019,6
2019-06-26,-49.19,2019,6
2019-06-27,-48.17,2019,6
2019-06-28,-49.04,2019,6
2019-06-29,-48.85,2019,6
2019-06-30,-51.8,2019,6
2019-07-01,-0.11,2019,7
2019-07-02,1.09,2019,7
2019-07-03,1.61,2019,7
2019-07-04,-0.69,2019,7
2019-07-05,-1.18,2019,7
2019-07-06,4.55,2019,7
2019-07-07,9.41,2019,7
2019-07-08,10.48,2019,7
2019-07-09,14.98,2019,7
2019-07-10,19.5,2019,7
2019-07-11,23.26,2019,7
2019-07-12,23.17,2019,7
2019-07-13,23.66,2019,7
2019-07-14,22.53,2019,7
2019-07-15,21.63,2019,7
2019-07-16,20.04,2019,7
2019-07-17,14.51,2019,7
2019-07-18,7.55,2019,7
2019-07-19,3.67,2019,7
2019-07-20,0.45,2019,7
2019-07-21,-3.64,2019,7
2019-07-22,-6.1,2019,7
2019-07-23,-6.92,2019,7
2019-07-24,-8.17,2019,7
2019-07-25,-5.17,2019,7
2019-07-26,1.33,2019,7
2019-07-27,5.78,2019,7
2019-07-28,6.15,2019,7
2019-07-29,10.01,2019,7
2019-07-30,13.05,2019,7
2019-07-31,16.04,2019,7
2019-08-01,1.36,2019,8
2019-08-02,2.0,2019,8
2019-08-03,4.94,2019,8
2019-08-04,6.8,2019,8
2019-08-05,5.57,2019,8
2019-08-06,8.54,2019,8
2019-08-07,16.84,2019,8
2019-08-08,28.24,2019,8
2019-08-09,35.86,2019,8
2019-08-10,41.0,2019,8
2019-08-11,41.51,2019,8
2019-08-12,35.86,2019,8
2019-08-13,36.06,2019,8
2019-08-14,43.87,2019,8
2019-08-15,50.54,2019,8
2019-08-16,50.18,2019,8
2019-08-17,52.17,2019,8
2019-08-18,54.11,2019,8
2019-08-19,55.32,2019,8
2019-08-20,53.06,2019,8
2019-08-21,49.77,2019,8
2019-08-22,49.06,2019,8
2019-08-23,47.07,2019,8
2019-08-24,47.53,2019,8
2019-08-25,47.33,2019,8
2019-08-26,47.96,2019,8
2019-08-27,46.87,2019,8
2019-08-28,44.32,2019,8
2019-08-29,41.53,2019,8
2019-08-30,39.21,2019,8
2019-08-31,40.55,2019,8
2019-09-01,-0.17,2019,9
2019-09-02,2.28,2019,9
2019-09-03,2.47,2019,9
2019-09-04,3.57,2019,9
2019-09-05,8.69,2019,9
2019-09-06,11.54,2019,9
2019-09-07,13.03,2019,9
2019-09-08,18.79,2019,9
2019-09-09,23.54,2019,9
2019-09-10,26.38,2019,9
2019-09-11,26.98,2019,9
2019-09-12,30.49,2019,9
2019-09-13,37.27,2019,9
2019-09-14,40.06,2019,9
2019-09-15,39.71,2019,9
2019-09-16,39.73,2019,9
2019-09-17,39.6,2019,9
2019-09-18,41.68,2019,9
2019-09-19,43.32,2019,9
2019-09-20,43.45,2019,9
2019-09-21,39.98,2019,9
2019-09-22,39.13,2019,9
2019-09-23,40.95,2019,9
2019-09-24,46.97,2019,9
2019-09-25,53.2,2019,9
2019-09-26,59.39,2019,9
2019-09-27,66.69,2019,9
2019-09-28,73.9,2019,9
2019-09-29,83.0,2019,9
2019-09-30,90.65,2019,9
2019-10-01,1.95,2019,10
2019-10-02,2.09,2019,10
2019-10-03,0.37,2019,10
2019-10-04,-0.32,2019,10
2019-10-05,-1.99,2019,10
2019-10-06,-3.18,2019,10
2019-10-07,-3.15,2019,10
2019-10-08,-3.12,2019,10
2019-10-09,-3.68,2019,10
2019-10-10,-3.24,2019,10
2019-10-11,-4.16,2019,10
2019-10-12,-5.18,2019,10
2019-10-13,-6.8,2019,10
2019-10-14,-8.22,2019,10
2019-10-15,-9.28,2019,10
2019-10-16,-9.08,2019,10
2019-10-17,-8.71,2019,10
2019-10-18,-8.09,2019,10
2019-10-19,-6.16,2019,10
2019-10-20,-3.34,2019,10
2019-10-21,2.06,2019,10
2019-10-22,6.15,2019,10
2019-10-23,9.08,2019,10
2019-10-24,16.86,2019,10
2019-10-25,23.65,2019,10
2019-10-26,29.73,2019,10
2019-10-27,32.54,2019,10
2019-10-28,32.84,2019,10
2019-10-29,32.02,2019,10
2019-10-30,34.52,2019,10
2019-10-31,37.02,2019,10
2019-11-01,-0.36,2019,11
2019-11-02,-0.07,2019,11
2019-11-03,-0.63,2019,11
2019-11-04,-0.99,2019,11
2019-11-05,-1.84,2019,11
2019-11-06,-2.66,2019,11
2019-11-07,-2.08,2019,11
2019-11-08,1.03,2019,11
2019-11-09,2.22,2019,11
2019-11-10,3.45,2019,11
2019-11-11,3.2,2019,11
2019-11-12,2.71,2019,11
2019-11-13,1.69,2019,11
2019-11-14,1.75,2019,11
2019-11-15,3.14,2019,11
2019-11-16,3.72,2019,11
2019-11-17,3.35,2019,11
2019-11-18,2.32,2019,11
2019-11-19,2.21,2019,11
2019-11-20,1.93,2019,11
2019-11-21,1.77,2019,11
2019-11-22,1.64,2019,11
2019-11-23,2.24,2019,11
2019-11-24,1.54,2019,11
2019-11-25,1.09,2019,11
2019-11-26,0.48,2019,11
2019-11-27,1.13,2019,11
2019-11-28,3.68,2019,11
2019-11-29,4.27,2019,11
2019-11-30,4.97,2019,11
2019-12-01,2.52,2019,12
2019-12-02,4.12,2019,12
2019-12-03,5.15,2019,12
2019-12-04,4.72,2019,12
2019-12-05,4.23,2019,12
2019-12-06,3.79,2019,12
2019-12-07,3.33,2019,12
2019-12-08,2.96,2019,12
2019-12-09,2.05,2019,12
2019-12-10,1.48,2019,12
2019-12-11,0.92,2019,12
2019-12-12,0.4,2019,12
2019-12-13,5.11,2019,12
2019-12-14,9.58,2019,12
2019-12-15,9.94,2019,12
2019-12-16,9.62,2019,12
2019-12-17,9.2,2019,12
2019-12-18,8.84,2019,12
2019-12-19,8.33,2019,12
2019-12-20,7.85,2019,12
2019-12-21,8.33,2019,12
2019-12-22,8.05,2019,12
2019-12-23,7.68,2019,12
2019-12-24,7.44,2019,12
2019-12-25,7.42,2019,12
2019-12-26,7.28,2019,12
2019-12-27,7.12,2019,12
2019-12-28,6.73,2019,12
2019-12-29,6.34,2019,12
2019-12-30,5.86,2019,12
2019-12-31,5.53,2019,12
2020-01-01,-0.15,2020,1
2020-01-02,0.69,2020,1
2020-01-03,2.67,2020,1
2020-01-04,5.19,2020,1
2020-01-05,5.75,2020,1
2020-01-06,6.35,2020,1
2020-01-07,7.46,2020,1
2020-01-08,8.17,2020,1
2020-01-09,10.74,2020,1
2020-01-10,10.43,2020,1
2020-01-11,10.08,2020,1
2020-01-12,9.61,2020,1
2020-01-13,10.99,2020,1
2020-01-14,14.04,2020,1
2020-01-15,13.55,2020,1
2020-01-16,14.13,2020,1
2020-01-17,14.88,2020,1
2020-01-18,14.77,2020,1
2020-01-19,14.68,2020,1
2020-01-20,14.59,2020,1
2020-01-21,14.36,2020,1
2020-01-22,13.93,2020,1
2020-01-23,13.56,2020,1
2020-01-24,13.17,2020,1
2020-01-25,12.77,2020,1
2020-01-26,12.19,2020,1
2020-01-27,11.54,2020,1
2020-01-28,11.1,2020,1
2020-01-29,12.18,2020,1
2020-01-30,12.0,2020,1
2020-01-31,11.83,2020,1
2020-02-01,-0.23,2020,2
2020-02-02,-0.6,2020,2
2020-02-03,-1.0,2020,2
2020-02-04,-1.49,2020,2
2020-02-05,-1.53,2020,2
2020-02-06,-1.87,2020,2
2020-02-07,-2.1,2020,2
2020-02-08,-2.38,2020,2
2020-02-09,-2.63,2020,2
2020-02-10,-3.42,2020,2
2020-02-11,-4.49,2020,2
2020-02-12,-5.27,2020,2
2020-02-13,-6.06,2020,2
2020-02-14,-7.11,2020,2
2020-02-15,-8.3,2020,2
2020-02-16,-9.44,2020,2
2020-02-17,-10.35,2020,2
2020-02-18,-11.24,2020,2
2020-02-19,-12.24,2020,2
2020-02-20,-12.98,2020,2
2020-02-21,-13.1,2020,2
2020-02-22,-12.73,2020,2
2020-02-23,-13.27,2020,2
2020-02-24,-12.99,2020,2
2020-02-25,-12.67,2020,2
2020-02-26,-11.74,2020,2
2020-02-27,-11.89,2020,2
2020-02-28,-12.86,2020,2
2020-02-29,-12.38,2020,2
2020-03-01,0.05,2020,3
2020-03-02,-0.53,2020,3
2020-03-03,-1.15,2020,3
2020-03-04,-0.89,2020,3
2020-03-05,-0.5,2020,3
2020-03-06,2.2,2020,3
2020-03-07,6.23,2020,3
2020-03-08,7.22,2020,3
2020-03-09,7.08,2020,3
2020-03-10,6.31,2020,3
2020-03-11,5.93,2020,3
2020-03-12,7.19,2020,3
2020-03-13,8.38,2020,3
2020-03-14,10.72,2020,3
2020-03-15,11.64,2020,3
2020-03-16,11.68,2020,3
2020-03-17,11.04,2020,3
2020-03-18,10.33,2020,3
2020-03-19,9.84,2020,3
2020-03-20,10.57,2020,3
2020-03-21,10.21,2020,3
2020-03-22,10.51,2020,3
2020-03-23,10.02,2020,3
2020-03-24,9.31,2020,3
2020-03-25,9.0,2020,3
2020-03-26,8.74,2020,3
2020-03-27,9.66,2020,3
2020-03-28,12.05,2020,3
2020-03-29,11.74,2020,3
2020-03-30,10.83,2020,3
2020-03-31,9.88,2020,3
2020-04-01,0.01,2020,4
2020-04-02,-0.22,2020,4
2020-04-03,-0.92,2020,4
2020-04-04,-1.91,2020,4
2020-04-05,-3.04,2020,4
2020-04-06,-3.48,2020,4
2020-04-07,-4.42,2020,4
2020-04-08,-4.3,2020,4
2020-04-09,-5.17,2020,4
2020-04-10,-5.0,2020,4
2020-04-11,-5.82,2020,4
2020-04-12,-6.68,2020,4
2020-04-13,-8.08,2020,4
2020-04-14,-9.49,2020,4
2020-04-15,-10.26,2020,4
2020-04-16,-10.55,2020,4
2020-04-17,-11.04,2020,4
2020-04-18,-10.75,2020,4
2020-04-19,-9.98,2020,4
2020-04-20,-8.58,2020,4
2020-04-21,-8.13,2020,4
2020-04-22,-7.39,2020,4
2020-04-23,-7.69,2020,4
2020-04-24,-6.53,2020,4
2020-04-25,-5.15,2020,4
2020-04-26,-4.09,2020,4
2020-04-27,-0.82,2020,4
2020-04-28,-0.43,2020,4
2020-04-29,1.23,2020,4
2020-04-30,0.82,2020,4
2020-05-01,-0.4,2020,5
2020-05-02,0.0,2020,5
2020-05-03,-0.27,2020,5
2020-05-04,-0.38,2020,5
2020-05-05,-0.22,2020,5
2020-05-06,0.52,2020,5
2020-05-07,0.66,2020,5
2020-05-08,0.71,2020,5
2020-05-09,-0.1,2020,5
2020-05-10,-1.13,2020,5
2020-05-11,-1.66,2020,5
2020-05-12,-3.2,2020,5
2020-05-13,-3.46,2020,5
2020-05-14,-3.1,2020,5
2020-05-15,-3.4,2020,5
2020-05-16,-3.43,2020,5
2020-05-17,-3.81,2020,5
2020-05-18,-5.19,2020,5
2020-05-19,-6.89,2020,5
2020-05-20,-7.25,2020,5
2020-05-21,-4.38,2020,5
2020-05-22,-1.47,2020,5
2020-05-23,-0.59,2020,5
2020-05-24,1.48,2020,5
2020-05-25,4.43,2020,5
2020-05-26,6.92,2020,5
2020-05-27,8.23,2020,5
2020-05-28,7.39,2020,5
2020-05-29,6.94,2020,5
2020-05-30,9.04,2020,5
2020-05-31,10.45,2020,5
2020-06-01,3.49,2020,6
2020-06-02,8.46,2020,6
2020-06-03,13.74,2020,6
2020-06-04,16.7,2020,6
2020-06-05,21.03,2020,6
2020-06-06,23.2,2020,6
2020-06-07,21.96,2020,6
2020-06-08,19.71,2020,6
2020-06-09,16.82,2020,6
2020-06-10,13.64,2020,6
2020-06-11,15.72,2020,6
2020-06-12,15.76,2020,6
2020-06-13,16.67,2020,6
2020-06-14,17.58,2020,6
2020-06-15,17.58,2020,6
2020-06-16,19.17,2020,6
2020-06-17,21.16,2020,6
2020-06-18,23.08,2020,6
2020-06-19,22.26,2020,6
2020-06-20,20.67,2020,6
2020-06-21,19.9,2020,6
2020-06-22,21.2,2020,6
2020-06-23,20.81,2020,6
2020-06-24,21.19,2020,6
2020-06-25,22.63,2020,6
2020-06-26,27.49,2020,6
2020-06-27,30.31,2020,6
2020-06-28,30.14,2020,6
2020-06-29,27.89,2020,6
2020-06-30,25.71,2020,6
2020-07-01,-2.59,2020,7
2020-07-02,-5.29,2020,7
2020-07-03,-6.1,2020,7
2020-07-04,-6.87,2020,7
2020-07-05,-4.52,2020,7
2020-07-06,-0.41,2020,7
2020-07-07,3.13,2020,7
2020-07-08,4.18,2020,7
2020-07-09,7.27,2020,7
2020-07-10,13.03,2020,7
2020-07-11,14.93,2020,7
2020-07-12,14.93,2020,7
2020-07-13,15.8,2020,7
2020-07-14,14.54,2020,7
2020-07-15,15.64,2020,7
2020-07-16,15.64,2020,7
2020-07-17,12.23,2020,7
2020-07-18,8.08,2020,7
2020-07-19,6.76,2020,7
2020-07-20,6.76,2020,7
2020-07-21,7.92,2020,7
2020-07-22,8.64,2020,7
2020-07-23,6.57,2020,7
2020-07-24,4.12,2020,7
2020-07-25,-0.62,2020,7
2020-07-26,-7.48,2020,7
2020-07-27,-14.22,2020,7
2020-07-28,-19.9,2020,7
2020-07-29,-18.88,2020,7
2020-07-30,-15.71,2020,7
2020-07-31,-16.53,2020,7
2020-08-01,-1.97,2020,8
2020-08-02,-5.98,2020,8
2020-08-03,-9.93,2020,8
2020-08-04,-11.16,2020,8
2020-08-05,-5.93,2020,8
2020-08-06,-2.98,2020,8
2020-08-07,-2.67,2020,8
2020-08-08,-3.77,2020,8
2020-08-09,-1.12,2020,8
2020-08-10,3.9,2020,8
2020-08-11,4.74,2020,8
2020-08-12,6.41,2020,8
2020-08-13,9.97,2020,8
2020-08-14,14.9,2020,8
2020-08-15,18.62,2020,8
2020-08-16,22.85,2020,8
2020-08-17,25.19,2020,8
2020-08-18,25.86,2020,8
2020-08-19,26.36,2020,8
2020-08-20,32.43,2020,8
2020-08-21,37.54,2020,8
2020-08-22,41.1,2020,8
2020-08-23,42.28,2020,8
2020-08-24,44.02,2020,8
2020-08-25,42.16,2020,8
2020-08-26,42.59,2020,8
2020-08-27,44.3,2020,8
2020-08-28,48.46,2020,8
2020-08-29,51.23,2020,8
2020-08-30,55.32,2020,8
2020-08-31,56.63,2020,8
2020-09-01,-2.49,2020,9
2020-09-02,-5.25,2020,9
2020-09-03,-8.25,2020,9
2020-09-04,-11.77,2020,9
2020-09-05,-15.4,2020,9
2020-09-06,-19.05,2020,9
2020-09-07,-17.63,2020,9
2020-09-08,-19.44,2020,9
2020-09-09,-22.53,2020,9
2020-09-10,-24.24,2020,9
2020-09-11,-23.08,2020,9
2020-09-12,-22.59,2020,9
2020-09-13,-20.61,2020,9
2020-09-14,-17.27,2020,9
2020-09-15,-15.59,2020,9
2020-09-16,-13.75,2020,9
2020-09-17,-12.83,2020,9
2020-09-18,-12.45,2020,9
2020-09-19,-12.89,2020,9
2020-09-20,-12.82,2020,9
2020-09-21,-9.83,2020,9
2020-09-22,-5.26,2020,9
2020-09-23,2.18,2020,9
2020-09-24,7.1,2020,9
2020-09-25,10.59,2020,9
2020-09-26,17.07,2020,9
2020-09-27,18.18,2020,9
2020-09-28,15.46,2020,9
2020-09-29,12.52,2020,9
2020-09-30,12.3,2020,9
2020-10-01,-0.39,2020,10
2020-10-02,-2.02,2020,10
2020-10-03,-3.95,2020,10
2020-10-04,-4.95,2020,10
2020-10-05,-6.44,2020,10
2020-10-06,-7.26,2020,10
2020-10-07,-6.29,2020,10
2020-10-08,-7.78,2020,10
2020-10-09,-9.69,2020,10
2020-10-10,-9.3,2020,10
2020-10-11,-7.59,2020,10
2020-10-12,-6.6,2020,10
2020-10-13,-4.17,2020,10
2020-10-14,0.15,2020,10
2020-10-15,2.99,2020,10
2020-10-16,2.51,2020,10
2020-10-17,1.43,2020,10
2020-10-18,1.07,2020,10
2020-10-19,0.77,2020,10
2020-10-20,1.02,2020,10
2020-10-21,1.59,2020,10
2020-10-22,1.87,2020,10
2020-10-23,2.48,2020,10
2020-10-24,4.0,2020,10
2020-10-25,3.84,2020,10
2020-10-26,3.01,2020,10
2020-10-27,1.67,2020,10
2020-10-28,0.0,2020,10
2020-10-29,-1.28,2020,10
2020-10-30,-3.16,2020,10
2020-10-31,-4.84,2020,10
2020-11-01,-1.38,2020,11
2020-11-02,-2.67,2020,11
2020-11-03,-3.48,2020,11
2020-11-04,-4.01,2020,11
2020-11-05,-4.27,2020,11
2020-11-06,-4.33,2020,11
2020-11-07,-5.39,2020,11
2020-11-08,-6.12,2020,11
2020-11-09,-7.37,2020,11
2020-11-10,-8.64,2020,11
2020-11-11,-9.55,2020,11
2020-11-12,-9.36,2020,11
2020-11-13,-9.19,2020,11
2020-11-14,-8.64,2020,11
2020-11-15,-8.3,2020,11
2020-11-16,-5.8,2020,11
2020-11-17,-4.87,2020,11
2020-11-18,-4.21,2020,11
2020-11-19,-4.27,2020,11
2020-11-20,-4.4,2020,11
2020-11-21,-4.8,2020,11
2020-11-22,-5.5,2020,11
2020-11-23,-6.26,2020,11
2020-11-24,-6.14,2020,11
2020-11-25,-5.44,2020,11
2020-11-26,-0.96,2020,11
2020-11-27,3.72,2020,11
2020-11-28,4.13,2020,11
2020-11-29,3.88,2020,11
2020-11-30,3.41,2020,11
2020-12-01,-0.7,2020,12
2020-12-02,-1.24,2020,12
2020-12-03,-1.24,2020,12
2020-12-04,0.29,2020,12
2020-12-05,2.03,2020,12
2020-12-06,3.7,2020,12
2020-12-07,4.17,2020,12
2020-12-08,4.93,2020,12
2020-12-09,5.88,2020,12
2020-12-10,6.42,2020,12
2020-12-11,6.42,2020,12
2020-12-12,6.16,2020,12
2020-12-13,7.33,2020,12
2020-12-14,7.06,2020,12
2020-12-15,6.4,2020,12
2020-12-16,5.93,2020,12
2020-12-17,6.27,2020,12
2020-12-18,6.65,2020,12
2020-12-19,6.74,2020,12
2020-12-20,6.76,2020,12
2020-12-21,6.4,2020,12
2020-12-22,6.05,2020,12
2020-12-23,5.77,2020,12
2020-12-24,5.54,2020,12
2020-12-25,5.46,2020,12
2020-12-26,5.05,2020,12
2020-12-27,4.75,2020,12
2020-12-28,4.37,2020,12
2020-12-29,4.15,2020,12
2020-12-30,3.81,2020,12
2020-12-31,3.27,2020,12
2021-01-01,0.03,2021,1
2021-01-02,-0.37,2021,1
2021-01-03,-0.16,2021,1
2021-01-04,1.29,2021,1
2021-01-05,3.3,2021,1
2021-01-06,6.21,2021,1
2021-01-07,9.8,2021,1
2021-01-08,9.88,2021,1
2021-01-09,10.37,2021,1
2021-01-10,10.35,2021,1
2021-01-11,10.57,2021,1
2021-01-12,10.87,2021,1
2021-01-13,11.32,2021,1
2021-01-14,11.74,2021,1
2021-01-15,11.68,2021,1
2021-01-16,11.58,2021,1
2021-01-17,10.73,2021,1
2021-01-18,10.14,2021,1
2021-01-19,9.71,2021,1
2021-01-20,9.62,2021,1
2021-01-21,9.63,2021,1
2021-01-22,8.9,2021,1
2021-01-23,8.56,2021,1
2021-01-24,9.49,2021,1
2021-01-25,9.1,2021,1
2021-01-26,8.5,2021,1
2021-01-27,7.84,2021,1
2021-01-28,7.08,2021,1
2021-01-29,6.6,2021,1
2021-01-30,6.01,2021,1
2021-01-31,5.37,2021,1
2021-02-01,-0.39,2021,2
2021-02-02,-1.0,2021,2
2021-02-03,-1.28,2021,2
2021-02-04,-1.63,2021,2
2021-02-05,-1.73,2021,2
2021-02-06,-1.84,2021,2
2021-02-07,-2.67,2021,2
2021-02-08,-3.86,2021,2
2021-02-09,-4.68,2021,2
2021-02-10,-5.6,2021,2
2021-02-11,-6.67,2021,2
2021-02-12,-7.71,2021,2
2021-02-13,-8.57,2021,2
2021-02-14,-9.63,2021,2
2021-02-15,-10.86,2021,2
2021-02-16,-11.9,2021,2
2021-02-17,-11.9,2021,2
2021-02-18,-12.54,2021,2
2021-02-19,-12.67,2021,2
2021-02-20,-12.78,2021,2
2021-02-21,-12.49,2021,2
2021-02-22,-12.59,2021,2
2021-02-23,-12.99,2021,2
2021-02-24,-13.68,2021,2
2021-02-25,-14.96,2021,2
2021-02-26,-16.09,2021,2
2021-02-27,-15.95,2021,2
2021-02-28,-15.91,2021,2
2021-03-01,-0.62,2021,3
2021-03-02,-1.73,2021,3
2021-03-03,-2.53,2021,3
2021-03-04,-3.09,2021,3
2021-03-05,-3.69,2021,3
2021-03-06,-4.3,2021,3
2021-03-07,-4.39,2021,3
2021-03-08,-4.43,2021,3
2021-03-09,-4.6,2021,3
2021-03-10,-5.39,2021,3
2021-03-11,-4.92,2021,3
2021-03-12,-4.14,2021,3
2021-03-13,-2.59,2021,3
2021-03-14,-3.26,2021,3
2021-03-15,-3.8,2021,3
2021-03-16,-4.88,2021,3
2021-03-17,-5.56,2021,3
2021-03-18,-6.35,2021,3
2021-03-19,-7.11,2021,3
2021-03-20,-7.58,2021,3
2021-03-21,-8.26,2021,3
2021-03-22,-8.47,2021,3
2021-03-23,-8.02,2021,3
2021-03-24,-8.12,2021,3
2021-03-25,-8.84,2021,3
2021-03-26,-9.83,2021,3
2021-03-27,-10.79,2021,3
2021-03-28,-11.53,2021,3
2021-03-29,-12.15,2021,3
2021-03-30,-11.91,2021,3
2021-03-31,-11.99,2021,3
2021-04-01,0.15,2021,4
2021-04-02,-0.1,2021,4
2021-04-03,-1.1,2021,4
2021-04-04,-1.95,2021,4
2021-04-05,-2.85,2021,4
2021-04-06,-3.66,2021,4
2021-04-07,-3.96,2021,4
2021-04-08,-4.05,2021,4
2021-04-09,-4.84,2021,4
2021-04-10,-6.04,2021,4
2021-04-11,-3.15,2021,4
2021-04-12,-3.1,2021,4
2021-04-13,-3.52,2021,4
2021-04-14,-3.86,2021,4
2021-04-15,-2.75,2021,4
2021-04-16,-3.15,2021,4
2021-04-17,-1.99,2021,4
2021-04-18,-1.97,2021,4
2021-04-19,-1.49,2021,4
2021-04-20,-1.64,2021,4
2021-04-21,-2.0,2021,4
2021-04-22,-0.55,2021,4
2021-04-23,0.05,2021,4
2021-04-24,-0.13,2021,4
2021-04-25,-1.26,2021,4
2021-04-26,-2.44,2021,4
2021-04-27,-3.7,2021,4
2021-04-28,-4.49,2021,4
2021-04-29,-5.68,2021,4
2021-04-30,-6.84,2021,4
2021-05-01,-0.58,2021,5
2021-05-02,-0.35,2021,5
2021-05-03,-1.0,2021,5
2021-05-04,-0.48,2021,5
2021-05-05,-1.25,2021,5
2021-05-06,-1.08,2021,5
2021-05-07,-0.81,2021,5
2021-05-08,-0.21,2021,5
2021-05-09,-1.22,2021,5
2021-05-10,0.18,2021,5
2021-05-11,-0.01,2021,5
2021-05-12,2.31,2021,5
2021-05-13,6.27,2021,5
2021-05-14,7.38,2021,5
2021-05-15,11.33,2021,5
2021-05-16,15.42,2021,5
2021-05-17,17.92,2021,5
2021-05-18,21.37,2021,5
2021-05-19,27.91,2021,5
2021-05-20,36.49,2021,5
2021-05-21,42.72,2021,5
2021-05-22,44.01,2021,5
2021-05-23,43.76,2021,5
2021-05-24,42.19,2021,5
2021-05-25,41.96,2021,5
2021-05-26,43.87,2021,5
2021-05-27,47.63,2021,5
2021-05-28,52.08,2021,5
2021-05-29,53.07,2021,5
2021-05-30,52.17,2021,5
2021-05-31,53.52,2021,5
2021-06-01,1.71,2021,6
2021-06-02,3.12,2021,6
2021-06-03,4.34,2021,6
2021-06-04,7.39,2021,6
2021-06-05,8.72,2021,6
2021-06-06,9.5,2021,6
2021-06-07,7.32,2021,6
2021-06-08,6.62,2021,6
2021-06-09,9.3,2021,6
2021-06-10,10.24,2021,6
2021-06-11,11.13,2021,6
2021-06-12,12.08,2021,6
2021-06-13,14.4,2021,6
2021-06-14,16.02,2021,6
2021-06-15,18.58,2021,6
2021-06-16,22.1,2021,6
2021-06-17,25.94,2021,6
2021-06-18,31.23,2021,6
2021-06-19,36.25,2021,6
2021-06-20,39.38,2021,6
2021-06-21,37.62,2021,6
2021-06-22,32.17,2021,6
2021-06-23,30.48,2021,6
2021-06-24,28.35,2021,6
2021-06-25,26.25,2021,6
2021-06-26,23.65,2021,6
2021-06-27,23.32,2021,6
2021-06-28,22.53,2021,6
2021-06-29,17.39,2021,6
2021-06-30,12.44,2021,6
2021-07-01,-3.36,2021,7
2021-07-02,-4.97,2021,7
2021-07-03,-8.06,2021,7
2021-07-04,-12.01,2021,7
2021-07-05,-16.3,2021,7
2021-07-06,-20.68,2021,7
2021-07-07,-26.57,2021,7
2021-07-08,-26.48,2021,7
2021-07-09,-28.97,2021,7
2021-07-10,-31.73,2021,7
2021-07-11,-34.12,2021,7
2021-07-12,-34.09,2021,7
2021-07-13,-32.17,2021,7
2021-07-14,-28.68,2021,7
2021-07-15,-28.56,2021,7
2021-07-16,-32.61,2021,7
2021-07-17,-34.71,2021,7
2021-07-18,-32.48,2021,7
2021-07-19,-26.27,2021,7
2021-07-20,-26.23,2021,7
2021-07-21,-23.13,2021,7
2021-07-22,-18.84,2021,7
2021-07-23,-15.84,2021,7
2021-07-24,-15.01,2021,7
2021-07-25,-16.88,2021,7
2021-07-26,-17.15,2021,7
2021-07-27,-19.57,2021,7
2021-07-28,-20.63,2021,7
2021-07-29,-21.91,2021,7
2021-07-30,-21.27,2021,7
2021-07-31,-20.41,2021,7
2021-08-01,0.48,2021,8
2021-08-02,-0.98,2021,8
2021-08-03,-2.77,2021,8
2021-08-04,-5.63,2021,8
2021-08-05,-11.44,2021,8
2021-08-06,-16.84,2021,8
2021-08-07,-18.6,2021,8
2021-08-08,-20.05,2021,8
2021-08-09,-23.71,2021,8
2021-08-10,-23.98,2021,8
2021-08-11,-28.95,2021,8
2021-08-12,-32.18,2021,8
2021-08-13,-34.45,2021,8
2021-08-14,-37.74,2021,8
2021-08-15,-40.05,2021,8
2021-08-16,-43.79,2021,8
2021-08-17,-46.6,2021,8
2021-08-18,-45.67,2021,8
2021-08-19,-44.66,2021,8
2021-08-20,-43.3,2021,8
2021-08-21,-43.19,2021,8
2021-08-22,-43.18,2021,8
2021-08-23,-45.96,2021,8
2021-08-24,-49.16,2021,8
2021-08-25,-52.58,2021,8
2021-08-26,-53.27,2021,8
2021-08-27,-53.3,2021,8
2021-08-28,-54.01,2021,8
2021-08-29,-55.22,2021,8
2021-08-30,-56.26,2021,8
2021-08-31,-54.36,2021,8
2021-09-01,0.95,2021,9
2021-09-02,3.02,2021,9
2021-09-03,0.01,2021,9
2021-09-04,-0.71,2021,9
2021-09-05,-2.83,2021,9
2021-09-06,-4.24,2021,9
2021-09-07,2.0,2021,9
2021-09-08,2.72,2021,9
2021-09-09,2.42,2021,9
2021-09-10,3.26,2021,9
2021-09-11,6.89,2021,9
2021-09-12,9.65,2021,9
2021-09-13,14.91,2021,9
2021-09-14,21.24,2021,9
2021-09-15,23.72,2021,9
2021-09-16,26.82,2021,9
2021-09-17,28.11,2021,9
2021-09-18,26.12,2021,9
2021-09-19,24.22,2021,9
2021-09-20,25.26,2021,9
2021-09-21,26.73,2021,9
2021-09-22,27.85,2021,9
2021-09-23,28.92,2021,9
2021-09-24,29.46,2021,9
2021-09-25,27.43,2021,9
2021-09-26,28.07,2021,9
2021-09-27,31.67,2021,9
2021-09-28,37.82,2021,9
2021-09-29,42.26,2021,9
2021-09-30,44.14,2021,9
2021-10-01,1.82,2021,10
2021-10-02,5.18,2021,10
2021-10-03,7.67,2021,10
2021-10-04,7.65,2021,10
2021-10-05,7.16,2021,10
2021-10-06,7.78,2021,10
2021-10-07,6.93,2021,10
2021-10-08,6.19,2021,10
2021-10-09,6.44,2021,10
2021-10-10,5.29,2021,10
2021-10-11,4.96,2021,10
2021-10-12,5.85,2021,10
2021-10-13,5.3,2021,10
2021-10-14,3.21,2021,10
2021-10-15,1.35,2021,10
2021-10-16,2.41,2021,10
2021-10-17,5.79,2021,10
2021-10-18,13.32,2021,10
2021-10-19,22.68,2021,10
2021-10-20,27.82,2021,10
2021-10-21,30.55,2021,10
2021-10-22,30.57,2021,10
2021-10-23,30.12,2021,10
2021-10-24,31.39,2021,10
2021-10-25,30.93,2021,10
2021-10-26,29.93,2021,10
2021-10-27,28.93,2021,10
2021-10-28,27.96,2021,10
2021-10-29,26.6,2021,10
2021-10-30,27.32,2021,10
2021-10-31,26.22,2021,10
2021-11-01,-0.38,2021,11
2021-11-02,1.03,2021,11
2021-11-03,3.08,2021,11
2021-11-04,3.67,2021,11
2021-11-05,4.05,2021,11
2021-11-06,4.18,2021,11
2021-11-07,4.83,2021,11
2021-11-08,4.93,2021,11
2021-11-09,4.64,2021,11
2021-11-10,4.95,2021,11
2021-11-11,5.66,2021,11
2021-11-12,7.41,2021,11
2021-11-13,9.16,2021,11
2021-11-14,12.05,2021,11
2021-11-15,14.31,2021,11
2021-11-16,15.17,2021,11
2021-11-17,15.72,2021,11
2021-11-18,16.7,2021,11
2021-11-19,21.1,2021,11
2021-11-20,24.92,2021,11
2021-11-21,26.19,2021,11
2021-11-22,26.25,2021,11
2021-11-23,26.58,2021,11
2021-11-24,26.36,2021,11
2021-11-25,26.33,2021,11
2021-11-26,28.24,2021,11
2021-11-27,28.59,2021,11
2021-11-28,29.62,2021,11
2021-11-29,31.28,2021,11
2021-11-30,32.2,2021,11
2021-12-01,1.13,2021,12
2021-12-02,3.94,2021,12
2021-12-03,4.72,2021,12
2021-12-04,5.31,2021,12
2021-12-05,5.75,2021,12
2021-12-06,8.24,2021,12
2021-12-07,9.21,2021,12
2021-12-08,8.85,2021,12
2021-12-09,8.06,2021,12
2021-12-10,8.06,2021,12
2021-12-11,7.72,2021,12
2021-12-12,7.38,2021,12
2021-12-13,6.73,2021,12
2021-12-14,6.29,2021,12
2021-12-15,5.87,2021,12
2021-12-16,5.4,2021,12
2021-12-17,4.95,2021,12
2021-12-18,4.53,2021,12
2021-12-19,4.03,2021,12
2021-12-20,3.65,2021,12
2021-12-21,3.3,2021,12
2021-12-22,3.02,2021,12
2021-12-23,2.81,2021,12
2021-12-24,2.65,2021,12
2021-12-25,2.26,2021,12
2021-12-26,1.97,2021,12
2021-12-27,1.75,2021,12
2021-12-28,2.35,2021,12
2021-12-29,4.74,2021,12
2021-12-30,5.86,2021,12
2021-12-31,6.61,2021,12
2022-01-01,0.24,2022,1
2022-01-02,0.56,2022,1
2022-01-03,0.13,2022,1
2022-01-04,0.02,2022,1
2022-01-05,1.12,2022,1
2022-01-06,3.75,2022,1
2022-01-07,5.0,2022,1
2022-01-08,8.35,2022,1
2022-01-09,11.65,2022,1
2022-01-10,13.19,2022,1
2022-01-11,14.01,2022,1
2022-01-12,15.46,2022,1
2022-01-13,16.81,2022,1
2022-01-14,17.6,2022,1
2022-01-15,17.5,2022,1
2022-01-16,16.45,2022,1
2022-01-17,15.83,2022,1
2022-01-18,15.42,2022,1
2022-01-19,14.97,2022,1
2022-01-20,14.67,2022,1
2022-01-21,14.34,2022,1
2022-01-22,14.26,2022,1
2022-01-23,16.08,2022,1
2022-01-24,17.54,2022,1
2022-01-25,17.41,2022,1
2022-01-26,17.31,2022,1
2022-01-27,17.13,2022,1
2022-01-28,16.87,2022,1
2022-01-29,16.21,2022,1
2022-01-30,15.58,2022,1
2022-01-31,14.91,2022,1
2022-02-01,-0.41,2022,2
2022-02-02,-0.37,2022,2
2022-02-03,-0.13,2022,2
2022-02-04,2.51,2022,2
2022-02-05,5.79,2022,2
2022-02-06,6.33,2022,2
2022-02-07,5.81,2022,2
2022-02-08,4.72,2022,2
2022-02-09,4.37,2022,2
2022-02-10,4.1,2022,2
2022-02-11,3.56,2022,2
2022-02-12,3.5,2022,2
2022-02-13,2.82,2022,2
2022-02-14,1.86,2022,2
2022-02-15,0.69,2022,2
2022-02-16,-0.3,2022,2
2022-02-17,-1.04,2022,2
2022-02-18,-1.84,2022,2
2022-02-19,-2.89,2022,2
2022-02-20,-3.4,2022,2
2022-02-21,-3.58,2022,2
2022-02-22,-4.2,2022,2
2022-02-23,-3.51,2022,2
2022-02-24,-3.71,2022,2
2022-02-25,-3.88,2022,2
2022-02-26,-3.97,2022,2
2022-02-27,-4.26,2022,2
2022-02-28,-4.7,2022,2
2022-03-01,-0.76,2022,3
2022-03-02,-1.84,2022,3
2022-03-03,-2.69,2022,3
2022-03-04,-3.02,2022,3
2022-03-05,-3.9,2022,3
2022-03-06,-4.53,2022,3
2022-03-07,-4.82,2022,3
2022-03-08,-4.5,2022,3
2022-03-09,-5.08,2022,3
2022-03-10,-5.94,2022,3
2022-03-11,-6.82,2022,3
2022-03-12,-7.98,2022,3
2022-03-13,-9.31,2022,3
2022-03-14,-10.38,2022,3
2022-03-15,-11.45,2022,3
2022-03-16,-12.49,2022,3
2022-03-17,-13.0,2022,3
2022-03-18,-13.87,2022,3
2022-03-19,-14.38,2022,3
2022-03-20,-14.88,2022,3
2022-03-21,-15.58,2022,3
2022-03-22,-16.18,2022,3
2022-03-23,-17.27,2022,3
2022-03-24,-17.73,2022,3
2022-03-25,-17.49,2022,3
2022-03-26,-16.6,2022,3
2022-03-27,-15.79,2022,3
2022-03-28,-16.53,2022,3
2022-03-29,-17.48,2022,3
2022-03-30,-18.49,2022,3
2022-03-31,-18.82,2022,3
2022-04-01,1.54,2022,4
2022-04-02,2.7,2022,4
2022-04-03,2.56,2022,4
2022-04-04,7.23,2022,4
2022-04-05,10.1,2022,4
2022-04-06,11.35,2022,4
2022-04-07,11.77,2022,4
2022-04-08,11.51,2022,4
2022-04-09,11.68,2022,4
2022-04-10,11.39,2022,4
2022-04-11,11.92,2022,4
2022-04-12,11.33,2022,4
2022-04-13,11.36,2022,4
2022-04-14,13.39,2022,4
2022-04-15,14.8,2022,4
2022-04-16,14.99,2022,4
2022-04-17,15.84,2022,4
2022-04-18,15.82,2022,4
2022-04-19,14.91,2022,4
2022-04-20,15.31,2022,4
2022-04-21,14.43,2022,4
2022-04-22,14.12,2022,4
2022-04-23,13.99,2022,4
2022-04-24,15.28,2022,4
2022-04-25,14.65,2022,4
2022-04-26,13.63,2022,4
2022-04-27,12.76,2022,4
2022-04-28,11.76,2022,4
2022-04-29,10.81,2022,4
2022-04-30,10.89,2022,4
2022-05-01,-0.97,2022,5
2022-05-02,-0.78,2022,5
2022-05-03,-0.88,2022,5
2022-05-04,0.27,2022,5
2022-05-05,0.55,2022,5
2022-05-06,0.16,2022,5
2022-05-07,-0.26,2022,5
2022-05-08,-1.74,2022,5
2022-05-09,-2.53,2022,5
2022-05-10,-2.35,2022,5
2022-05-11,-0.52,2022,5
2022-05-12,2.87,2022,5
2022-05-13,6.3,2022,5
2022-05-14,9.11,2022,5
2022-05-15,13.71,2022,5
2022-05-16,18.34,2022,5
2022-05-17,24.41,2022,5
2022-05-18,27.97,2022,5
2022-05-19,33.54,2022,5
2022-05-20,36.47,2022,5
2022-05-21,37.74,2022,5
2022-05-22,37.58,2022,5
2022-05-23,37.31,2022,5
2022-05-24,37.77,2022,5
2022-05-25,37.05,2022,5
2022-05-26,35.46,2022,5
2022-05-27,34.46,2022,5
2022-05-28,32.84,2022,5
2022-05-29,31.42,2022,5
2022-05-30,29.89,2022,5
2022-05-31,27.98,2022,5
2022-06-01,-1.04,2022,6
2022-06-02,-2.84,2022,6
2022-06-03,-3.74,2022,6
2022-06-04,-4.09,2022,6
2022-06-05,-6.31,2022,6
2022-06-06,-6.33,2022,6
2022-06-07,-9.25,2022,6
2022-06-08,-11.23,2022,6
2022-06-09,-13.61,2022,6
2022-06-10,-16.01,2022,6
2022-06-11,-17.27,2022,6
2022-06-12,-16.59,2022,6
2022-06-13,-17.93,2022,6
2022-06-14,-21.39,2022,6
2022-06-15,-19.53,2022,6
2022-06-16,-16.66,2022,6
2022-06-17,-12.63,2022,6
2022-06-18,-15.59,2022,6
2022-06-19,-10.33,2022,6
2022-06-20,-7.77,2022,6
2022-06-21,-5.05,2022,6
2022-06-22,-4.24,2022,6
2022-06-23,-7.86,2022,6
2022-06-24,-10.01,2022,6
2022-06-25,-11.67,2022,6
2022-06-26,-14.28,2022,6
2022-06-27,-16.7,2022,6
2022-06-28,-16.32,2022,6
2022-06-29,-13.2,2022,6
2022-06-30,-8.69,2022,6
2022-07-01,4.23,2022,7
2022-07-02,5.43,2022,7
2022-07-03,6.93,2022,7
2022-07-04,6.62,2022,7
2022-07-05,9.21,2022,7
2022-07-06,13.71,2022,7
2022-07-07,13.74,2022,7
2022-07-08,18.73,2022,7
2022-07-09,20.26,2022,7
2022-07-10,22.21,2022,7
2022-07-11,23.56,2022,7
2022-07-12,28.26,2022,7
2022-07-13,30.8,2022,7
2022-07-14,33.95,2022,7
2022-07-15,39.68,2022,7
2022-07-16,37.25,2022,7
2022-07-17,37.98,2022,7
2022-07-18,37.35,2022,7
2022-07-19,34.78,2022,7
2022-07-20,28.44,2022,7
2022-07-21,20.42,2022,7
2022-07-22,17.05,2022,7
2022-07-23,17.8,2022,7
2022-07-24,19.27,2022,7
2022-07-25,17.62,2022,7
2022-07-26,17.49,2022,7
2022-07-27,15.31,2022,7
2022-07-28,9.82,2022,7
2022-07-29,5.92,2022,7
2022-07-30,2.9,2022,7
2022-07-31,0.98,2022,7
2022-08-01,-1.64,2022,8
2022-08-02,-2.17,2022,8
2022-08-03,-3.34,2022,8
2022-08-04,-4.37,2022,8
2022-08-05,-4.16,2022,8
2022-08-06,-2.49,2022,8
2022-08-07,-0.94,2022,8
2022-08-08,3.92,2022,8
2022-08-09,6.22,2022,8
2022-08-10,9.39,2022,8
2022-08-11,10.15,2022,8
2022-08-12,7.64,2022,8
2022-08-13,6.82,2022,8
2022-08-14,9.16,2022,8
2022-08-15,15.14,2022,8
2022-08-16,16.81,2022,8
2022-08-17,14.22,2022,8
2022-08-18,9.5,2022,8
2022-08-19,6.01,2022,8
2022-08-20,7.34,2022,8
2022-08-21,6.32,2022,8
2022-08-22,7.68,2022,8
2022-08-23,8.56,2022,8
2022-08-24,8.34,2022,8
2022-08-25,7.12,2022,8
2022-08-26,2.29,2022,8
2022-08-27,-2.73,2022,8
2022-08-28,-2.98,2022,8
2022-08-29,-5.45,2022,8
2022-08-30,-9.09,2022,8
2022-08-31,-12.25,2022,8
2022-09-01,-2.98,2022,9
2022-09-02,-4.43,2022,9
2022-09-03,-8.72,2022,9
2022-09-04,-6.37,2022,9
2022-09-05,-7.4,2022,9
2022-09-06,-9.51,2022,9
2022-09-07,-12.25,2022,9
2022-09-08,-15.1,2022,9
2022-09-09,-17.11,2022,9
2022-09-10,-18.68,2022,9
2022-09-11,-15.99,2022,9
2022-09-12,-12.71,2022,9
2022-09-13,-7.98,2022,9
2022-09-14,-5.69,2022,9
2022-09-15,-0.84,2022,9
2022-09-16,3.8,2022,9
2022-09-17,4.52,2022,9
2022-09-18,1.93,2022,9
2022-09-19,-0.19,2022,9
2022-09-20,-1.21,2022,9
2022-09-21,-2.29,2022,9
2022-09-22,-2.36,2022,9
2022-09-23,-3.8,2022,9
2022-09-24,-1.19,2022,9
2022-09-25,0.34,2022,9
2022-09-26,-0.38,2022,9
2022-09-27,-1.66,2022,9
2022-09-28,-4.06,2022,9
2022-09-29,-5.04,2022,9
2022-09-30,-5.89,2022,9
2022-10-01,-0.76,2022,10
2022-10-02,-2.96,2022,10
2022-10-03,-5.02,2022,10
2022-10-04,-6.37,2022,10
2022-10-05,-2.67,2022,10
2022-10-06,4.39,2022,10
2022-10-07,10.33,2022,10
2022-10-08,13.3,2022,10
2022-10-09,18.8,2022,10
2022-10-10,29.04,2022,10
2022-10-11,39.34,2022,10
2022-10-12,44.19,2022,10
2022-10-13,47.25,2022,10
2022-10-14,48.09,2022,10
2022-10-15,48.93,2022,10
2022-10-16,48.77,2022,10
2022-10-17,48.81,2022,10
2022-10-18,48.79,2022,10
2022-10-19,47.59,2022,10
2022-10-20,47.43,2022,10
2022-10-21,46.57,2022,10
2022-10-22,44.95,2022,10
2022-10-23,43.03,2022,10
2022-10-24,41.7,2022,10
2022-10-25,43.28,2022,10
2022-10-26,43.16,2022,10
2022-10-27,42.39,2022,10
2022-10-28,40.86,2022,10
2022-10-29,39.37,2022,10
2022-10-30,37.85,2022,10
2022-10-31,36.12,2022,10
2022-11-01,-0.23,2022,11
2022-11-02,-0.83,2022,11
2022-11-03,-0.44,2022,11
2022-11-04,-0.59,2022,11
2022-11-05,-0.65,2022,11
2022-11-06,-0.97,2022,11
2022-11-07,-1.14,2022,11
2022-11-08,-1.89,2022,11
2022-11-09,-2.63,2022,11
2022-11-10,-3.49,2022,11
2022-11-11,-3.55,2022,11
2022-11-12,-1.42,2022,11
2022-11-13,-0.41,2022,11
2022-11-14,0.18,2022,11
2022-11-15,0.58,2022,11
2022-11-16,-0.86,2022,11
2022-11-17,-2.14,2022,11
2022-11-18,-3.45,2022,11
2022-11-19,-4.38,2022,11
2022-11-20,-5.31,2022,11
2022-11-21,-6.07,2022,11
2022-11-22,-6.91,2022,11
2022-11-23,-7.63,2022,11
2022-11-24,-7.95,2022,11
2022-11-25,-8.34,2022,11
2022-11-26,-9.2,2022,11
2022-11-27,-9.74,2022,11
2022-11-28,-10.01,2022,11
2022-11-29,-9.89,2022,11
2022-11-30,-10.49,2022,11
2022-12-01,-0.67,2022,12
2022-12-02,-1.34,2022,12
2022-12-03,-1.76,2022,12
2022-12-04,-2.05,2022,12
2022-12-05,-1.67,2022,12
2022-12-06,-1.72,2022,12
2022-12-07,-2.33,2022,12
2022-12-08,-2.93,2022,12
2022-12-09,-3.36,2022,12
2022-12-10,-0.94,2022,12
2022-12-11,1.46,2022,12
2022-12-12,2.64,2022,12
2022-12-13,3.28,2022,12
2022-12-14,3.36,2022,12
2022-12-15,3.3,2022,12
2022-12-16,2.76,2022,12
2022-12-17,2.35,2022,12
2022-12-18,1.99,2022,12
2022-12-19,1.49,2022,12
2022-12-20,1.13,2022,12
2022-12-21,0.77,2022,12
2022-12-22,0.57,2022,12
2022-12-23,0.34,2022,12
2022-12-24,0.23,2022,12
2022-12-25,0.13,2022,12
2022-12-26,0.8,2022,12
2022-12-27,1.2,2022,12
2022-12-28,1.28,2022,12
2022-12-29,0.86,2022,12
2022-12-30,1.24,2022,12
2022-12-31,0.98,2022,12
2023-01-01,-0.65,2023,1
2023-01-02,-1.11,2023,1
2023-01-03,-1.72,2023,1
2023-01-04,-2.13,2023,1
2023-01-05,-2.24,2023,1
2023-01-06,-2.91,2023,1
2023-01-07,-3.6,2023,1
2023-01-08,-4.41,2023,1
2023-01-09,-5.08,2023,1
2023-01-10,-5.67,2023,1
2023-01-11,-6.06,2023,1
2023-01-12,-6.29,2023,1
2023-01-13,-6.83,2023,1
2023-01-14,-6.36,2023,1
2023-01-15,-7.13,2023,1
2023-01-16,-8.31,2023,1
2023-01-17,-9.34,2023,1
2023-01-18,-10.06,2023,1
2023-01-19,-10.42,2023,1
2023-01-20,-10.44,2023,1
2023-01-21,-10.34,2023,1
2023-01-22,-10.92,2023,1
2023-01-23,-11.51,2023,1
2023-01-24,-11.86,2023,1
2023-01-25,-10.35,2023,1
2023-01-26,-9.47,2023,1
2023-01-27,-9.95,2023,1
2023-01-28,-10.66,2023,1
2023-01-29,-10.91,2023,1
2023-01-30,-8.97,2023,1
2023-01-31,-7.55,2023,1
2023-02-01,-0.48,2023,2
2023-02-02,-0.9,2023,2
2023-02-03,-0.87,2023,2
2023-02-04,-1.39,2023,2
2023-02-05,-2.03,2023,2
2023-02-06,-2.29,2023,2
2023-02-07,-2.5,2023,2
2023-02-08,-3.06,2023,2
2023-02-09,-3.78,2023,2
2023-02-10,-3.28,2023,2
2023-02-11,-3.77,2023,2
2023-02-12,-4.36,2023,2
2023-02-13,-4.72,2023,2
2023-02-14,-5.73,2023,2
2023-02-15,-6.94,2023,2
2023-02-16,-8.01,2023,2
2023-02-17,-8.9,2023,2
2023-02-18,-9.8,2023,2
2023-02-19,-10.94,2023,2
2023-02-20,-11.74,2023,2
2023-02-21,-12.28,2023,2
2023-02-22,-12.32,2023,2
2023-02-23,-11.94,2023,2
2023-02-24,-12.03,2023,2
2023-02-25,-13.22,2023,2
2023-02-26,-14.55,2023,2
2023-02-27,-15.64,2023,2
2023-02-28,-16.42,2023,2
2023-03-01,-0.62,2023,3
2023-03-02,-1.67,2023,3
2023-03-03,-2.22,2023,3
2023-03-04,-2.97,2023,3
2023-03-05,-3.62,2023,3
2023-03-06,-4.07,2023,3
2023-03-07,-4.21,2023,3
2023-03-08,-4.76,2023,3
2023-03-09,-5.23,2023,3
2023-03-10,-6.2,2023,3
2023-03-11,-7.0,2023,3
2023-03-12,-8.12,2023,3
2023-03-13,-9.42,2023,3
2023-03-14,-10.34,2023,3
2023-03-15,-11.21,2023,3
2023-03-16,-10.98,2023,3
2023-03-17,-9.09,2023,3
2023-03-18,-7.22,2023,3
2023-03-19,-2.37,2023,3
2023-03-20,1.9,2023,3
2023-03-21,4.87,2023,3
2023-03-22,6.47,2023,3
2023-03-23,7.03,2023,3
2023-03-24,7.02,2023,3
2023-03-25,7.78,2023,3
2023-03-26,7.5,2023,3
2023-03-27,8.18,2023,3
2023-03-28,8.21,2023,3
2023-03-29,7.75,2023,3
2023-03-30,6.69,2023,3
2023-03-31,7.85,2023,3
2023-04-01,2.78,2023,4
2023-04-02,4.4,2023,4
2023-04-03,5.29,2023,4
2023-04-04,5.39,2023,4
2023-04-05,5.48,2023,4
2023-04-06,4.88,2023,4
2023-04-07,4.61,2023,4
2023-04-08,3.87,2023,4
2023-04-09,2.78,2023,4
2023-04-10,1.47,2023,4
2023-04-11,0.61,2023,4
2023-04-12,-0.59,2023,4
2023-04-13,-1.98,2023,4
2023-04-14,-3.13,2023,4
2023-04-15,-4.55,2023,4
2023-04-16,-5.86,2023,4
2023-04-17,-7.38,2023,4
2023-04-18,-8.78,2023,4
2023-04-19,-8.94,2023,4
2023-04-20,-7.77,2023,4
2023-04-21,-6.5,2023,4
2023-04-22,-6.44,2023,4
2023-04-23,-6.34,2023,4
2023-04-24,-5.9,2023,4
2023-04-25,-6.11,2023,4
2023-04-26,-5.76,2023,4
2023-04-27,-5.3,2023,4
2023-04-28,-3.61,2023,4
2023-04-29,-2.16,2023,4
2023-04-30,0.79,2023,4
2023-05-01,5.64,2023,5
2023-05-02,10.69,2023,5
2023-05-03,13.06,2023,5
2023-05-04,14.48,2023,5
2023-05-05,14.23,2023,5
2023-05-06,13.98,2023,5
2023-05-07,14.5,2023,5
2023-05-08,14.02,2023,5
2023-05-09,13.53,2023,5
2023-05-10,12.66,2023,5
2023-05-11,10.67,2023,5
2023-05-12,8.89,2023,5
2023-05-13,6.78,2023,5
2023-05-14,4.63,2023,5
2023-05-15,2.5,2023,5
2023-05-16,0.62,2023,5
2023-05-17,-0.69,2023,5
2023-05-18,-1.7,2023,5
2023-05-19,-3.77,2023,5
2023-05-20,-5.06,2023,5
2023-05-21,-4.85,2023,5
2023-05-22,-5.82,2023,5
2023-05-23,-7.54,2023,5
2023-05-24,-8.12,2023,5
2023-05-25,-8.27,2023,5
2023-05-26,-6.78,2023,5
2023-05-27,-6.27,2023,5
2023-05-28,-6.78,2023,5
2023-05-29,-7.23,2023,5
2023-05-30,-7.6,2023,5
2023-05-31,-8.44,2023,5
2023-06-01,-1.48,2023,6
2023-06-02,-3.53,2023,6
2023-06-03,-6.76,2023,6
2023-06-04,-8.95,2023,6
2023-06-05,-12.61,2023,6
2023-06-06,-16.84,2023,6
2023-06-07,-20.8,2023,6
2023-06-08,-24.29,2023,6
2023-06-09,-27.48,2023,6
2023-06-10,-30.36,2023,6
2023-06-11,-31.57,2023,6
2023-06-12,-34.41,2023,6
2023-06-13,-37.34,2023,6
2023-06-14,-40.68,2023,6
2023-06-15,-42.98,2023,6
2023-06-16,-42.45,2023,6
2023-06-17,-42.67,2023,6
2023-06-18,-41.66,2023,6
2023-06-19,-41.32,2023,6
2023-06-20,-43.57,2023,6
2023-06-21,-44.39,2023,6
2023-06-22,-44.67,2023,6
2023-06-23,-46.53,2023,6
2023-06-24,-48.93,2023,6
2023-06-25,-46.18,2023,6
2023-06-26,-40.87,2023,6
2023-06-27,-37.3,2023,6
2023-06-28,-32.67,2023,6
2023-06-29,-27.65,2023,6
2023-06-30,-23.64,2023,6
2023-07-01,2.01,2023,7
2023-07-02,1.41,2023,7
2023-07-03,-1.87,2023,7
2023-07-04,-2.98,2023,7
2023-07-05,-0.12,2023,7
2023-07-06,5.94,2023,7
2023-07-07,13.52,2023,7
2023-07-08,20.41,2023,7
2023-07-09,25.7,2023,7
2023-07-10,24.99,2023,7
2023-07-11,24.8,2023,7
2023-07-12,22.76,2023,7
2023-07-13,23.63,2023,7
2023-07-14,23.43,2023,7
2023-07-15,21.31,2023,7
2023-07-16,22.15,2023,7
2023-07-17,21.06,2023,7
2023-07-18,21.22,2023,7
2023-07-19,20.74,2023,7
2023-07-20,18.6,2023,7
2023-07-21,17.25,2023,7
2023-07-22,17.1,2023,7
2023-07-23,17.56,2023,7
2023-07-24,16.35,2023,7
2023-07-25,18.86,2023,7
2023-07-26,20.51,2023,7
2023-07-27,26.55,2023,7
2023-07-28,27.55,2023,7
2023-07-29,29.09,2023,7
2023-07-30,24.52,2023,7
2023-07-31,19.26,2023,7
2023-08-01,-4.74,2023,8
2023-08-02,-5.5,2023,8
2023-08-03,-6.17,2023,8
2023-08-04,-8.81,2023,8
2023-08-05,-14.5,2023,8
2023-08-06,-19.72,2023,8
2023-08-07,-23.52,2023,8
2023-08-08,-28.53,2023,8
2023-08-09,-33.81,2023,8
2023-08-10,-36.9,2023,8
2023-08-11,-43.25,2023,8
2023-08-12,-48.73,2023,8
2023-08-13,-51.55,2023,8
2023-08-14,-56.95,2023,8
2023-08-15,-63.86,2023,8
2023-08-16,-70.23,2023,8
2023-08-17,-75.92,2023,8
2023-08-18,-78.29,2023,8
2023-08-19,-84.99,2023,8
2023-08-20,-84.47,2023,8
2023-08-21,-90.85,2023,8
2023-08-22,-94.2,2023,8
2023-08-23,-94.92,2023,8
2023-08-24,-98.13,2023,8
2023-08-25,-99.24,2023,8
2023-08-26,-102.21,2023,8
2023-08-27,-104.44,2023,8
2023-08-28,-109.26,2023,8
2023-08-29,-115.32,2023,8
2023-08-30,-122.51,2023,8
2023-08-31,-129.14,2023,8
2023-09-01,-6.09,2023,9
2023-09-02,-11.92,2023,9
2023-09-03,-15.6,2023,9
2023-09-04,-16.64,2023,9
2023-09-05,-20.55,2023,9
2023-09-06,-23.45,2023,9
2023-09-07,-25.03,2023,9
2023-09-08,-23.8,2023,9
2023-09-09,-23.86,2023,9
2023-09-10,-24.36,2023,9
2023-09-11,-24.63,2023,9
2023-09-12,-27.15,2023,9
2023-09-13,-29.87,2023,9
2023-09-14,-29.83,2023,9
2023-09-15,-27.16,2023,9
2023-09-16,-24.93,2023,9
2023-09-17,-22.55,2023,9
2023-09-18,-22.4,2023,9
2023-09-19,-21.59,2023,9
2023-09-20,-21.24,2023,9
2023-09-21,-18.78,2023,9
2023-09-22,-14.98,2023,9
2023-09-23,-11.57,2023,9
2023-09-24,-8.85,2023,9
2023-09-25,-9.21,2023,9
2023-09-26,-11.25,2023,9
2023-09-27,-12.2,2023,9
2023-09-28,-13.39,2023,9
2023-09-29,-13.67,2023,9
2023-09-30,-12.7,2023,9
2023-10-01,3.45,2023,10
2023-10-02,4.53,2023,10
2023-10-03,5.3,2023,10
2023-10-04,7.3,2023,10
2023-10-05,7.0,2023,10
2023-10-06,5.38,2023,10
2023-10-07,3.13,2023,10
2023-10-08,1.09,2023,10
2023-10-09,0.02,2023,10
2023-10-10,-1.22,2023,10
2023-10-11,-3.69,2023,10
2023-10-12,-5.61,2023,10
2023-10-13,-7.71,2023,10
2023-10-14,-10.31,2023,10
2023-10-15,-11.33,2023,10
2023-10-16,-12.43,2023,10
2023-10-17,-9.89,2023,10
2023-10-18,-12.02,2023,10
2023-10-19,-14.7,2023,10
2023-10-20,-17.27,2023,10
2023-10-21,-19.72,2023,10
2023-10-22,-21.8,2023,10
2023-10-23,-23.65,2023,10
2023-10-24,-24.99,2023,10
2023-10-25,-26.91,2023,10
2023-10-26,-28.31,2023,10
2023-10-27,-29.44,2023,10
2023-10-28,-30.92,2023,10
2023-10-29,-32.18,2023,10
2023-10-30,-33.19,2023,10
2023-10-31,-34.32,2023,10
2023-11-01,-1.36,2023,11
2023-11-02,-2.43,2023,11
2023-11-03,-3.16,2023,11
2023-11-04,-2.43,2023,11
2023-11-05,-1.09,2023,11
2023-11-06,-0.52,2023,11
2023-11-07,-0.1,2023,11
2023-11-08,0.6,2023,11
2023-11-09,1.97,2023,11
2023-11-10,2.3,2023,11
2023-11-11,1.98,2023,11
2023-11-12,1.0,2023,11
2023-11-13,-0.1,2023,11
2023-11-14,0.23,2023,11
2023-11-15,-0.17,2023,11
2023-11-16,-1.35,2023,11
2023-11-17,-2.01,2023,11
2023-11-18,-2.02,2023,11
2023-11-19,-2.3,2023,11
2023-11-20,-2.89,2023,11
2023-11-21,-2.95,2023,11
2023-11-22,-2.2,2023,11
2023-11-23,-1.55,2023,11
2023-11-24,-2.03,2023,11
2023-11-25,-2.12,2023,11
2023-11-26,-1.68,2023,11
2023-11-27,2.15,2023,11
2023-11-28,3.18,2023,11
2023-11-29,3.75,2023,11
2023-11-30,5.0,2023,11
2023-12-01,1.53,2023,12
2023-12-02,1.11,2023,12
2023-12-03,1.88,2023,12
2023-12-04,4.51,2023,12
2023-12-05,9.13,2023,12
2023-12-06,12.92,2023,12
2023-12-07,15.57,2023,12
2023-12-08,17.81,2023,12
2023-12-09,17.85,2023,12
2023-12-10,17.55,2023,12
2023-12-11,17.17,2023,12
2023-12-12,16.56,2023,12
2023-12-13,15.9,2023,12
2023-12-14,15.39,2023,12
2023-12-15,14.9,2023,12
2023-12-16,14.47,2023,12
2023-12-17,14.91,2023,12
2023-12-18,17.02,2023,12
2023-12-19,16.73,2023,12
2023-12-20,16.43,2023,12
2023-12-21,16.18,2023,12
2023-12-22,16.04,2023,12
2023-12-23,15.79,2023,12
2023-12-24,15.68,2023,12
2023-12-25,15.48,2023,12
2023-12-26,15.26,2023,12
2023-12-27,14.91,2023,12
2023-12-28,14.46,2023,12
2023-12-29,14.05,2023,12
2023-12-30,13.61,2023,12
2023-12-31,13.16,2023,12
2024-01-01,-0.57,2024,1
2024-01-02,-0.92,2024,1
2024-01-03,-1.2,2024,1
2024-01-04,-1.25,2024,1
2024-01-05,0.02,2024,1
2024-01-06,0.38,2024,1
2024-01-07,0.2,2024,1
2024-01-08,1.04,2024,1
2024-01-09,1.09,2024,1
2024-01-10,1.31,2024,1
2024-01-11,0.91,2024,1
2024-01-12,0.29,2024,1
2024-01-13,-0.66,2024,1
2024-01-14,-1.36,2024,1
2024-01-15,-2.19,2024,1
2024-01-16,-3.32,2024,1
2024-01-17,-4.22,2024,1
2024-01-18,-4.73,2024,1
2024-01-19,-4.96,2024,1
2024-01-20,-5.51,2024,1
2024-01-21,-5.89,2024,1
2024-01-22,-6.59,2024,1
2024-01-23,-7.25,2024,1
2024-01-24,-7.74,2024,1
2024-01-25,-7.63,2024,1
2024-01-26,-8.22,2024,1
2024-01-27,-8.56,2024,1
2024-01-28,-9.14,2024,1
2024-01-29,-9.44,2024,1
2024-01-30,-9.95,2024,1
2024-01-31,-9.94,2024,1
2024-02-01,1.58,2024,2
2024-02-02,2.37,2024,2
2024-02-03,2.54,2024,2
2024-02-04,2.63,2024,2
2024-02-05,3.76,2024,2
2024-02-06,3.48,2024,2
2024-02-07,3.0,2024,2
2024-02-08,1.97,2024,2
2024-02-09,1.17,2024,2
2024-02-10,0.24,2024,2
2024-02-11,-0.65,2024,2
2024-02-12,-1.17,2024,2
2024-02-13,-1.64,2024,2
2024-02-14,-2.2,2024,2
2024-02-15,-2.96,2024,2
2024-02-16,-3.8,2024,2
2024-02-17,-4.51,2024,2
2024-02-18,-5.12,2024,2
2024-02-19,-5.02,2024,2
2024-02-20,-2.31,2024,2
2024-02-21,-1.46,2024,2
2024-02-22,-0.56,2024,2
2024-02-23,0.49,2024,2
2024-02-24,0.51,2024,2
2024-02-25,-0.19,2024,2
2024-02-26,-1.28,2024,2
2024-02-27,-1.96,2024,2
2024-02-28,-1.57,2024,2
2024-02-29,-1.98,2024,2
2024-03-01,-0.78,2024,3
2024-03-02,1.39,2024,3
2024-03-03,5.71,2024,3
2024-03-04,7.29,2024,3
2024-03-05,7.01,2024,3
2024-03-06,6.4,2024,3
2024-03-07,5.9,2024,3
2024-03-08,5.4,2024,3
2024-03-09,4.7,2024,3
2024-03-10,3.74,2024,3
2024-03-11,2.89,2024,3
2024-03-12,1.98,2024,3
2024-03-13,1.26,2024,3
2024-03-14,1.4,2024,3
2024-03-15,0.76,2024,3
2024-03-16,-0.24,2024,3
2024-03-17,-0.41,2024,3
2024-03-18,-0.8,2024,3
2024-03-19,-1.14,2024,3
2024-03-20,0.37,2024,3
2024-03-21,1.6,2024,3
2024-03-22,2.21,2024,3
2024-03-23,1.83,2024,3
2024-03-24,1.61,2024,3
2024-03-25,0.7,2024,3
2024-03-26,2.01,2024,3
2024-03-27,0.43,2024,3
2024-03-28,0.23,2024,3
2024-03-29,0.58,2024,3
2024-03-30,1.77,2024,3
2024-03-31,0.79,2024,3
2024-04-01,1.34,2024,4
2024-04-02,0.72,2024,4
2024-04-03,-0.04,2024,4
2024-04-04,-1.07,2024,4
2024-04-05,-2.18,2024,4
2024-04-06,-2.62,2024,4
2024-04-07,-3.5,2024,4
2024-04-08,-3.95,2024,4
2024-04-09,-4.28,2024,4
2024-04-10,-5.49,2024,4
2024-04-11,-5.87,2024,4
2024-04-12,-6.25,2024,4
2024-04-13,-6.7,2024,4
2024-04-14,-6.61,2024,4
2024-04-15,-6.88,2024,4
2024-04-16,-6.82,2024,4
2024-04-17,-7.21,2024,4
2024-04-18,-7.95,2024,4
2024-04-19,-8.52,2024,4
2024-04-20,-7.85,2024,4
2024-04-21,-8.07,2024,4
2024-04-22,-8.46,2024,4
2024-04-23,-9.18,2024,4
2024-04-24,-9.4,2024,4
2024-04-25,-10.22,2024,4
2024-04-26,-11.4,2024,4
2024-04-27,-11.78,2024,4
2024-04-28,-11.46,2024,4
2024-04-29,-10.72,2024,4
2024-04-30,-10.61,2024,4
2024-05-01,-0.89,2024,5
2024-05-02,-1.88,2024,5
2024-05-03,-2.11,2024,5
2024-05-04,-4.0,2024,5
2024-05-05,-5.39,2024,5
2024-05-06,-6.07,2024,5
2024-05-07,-6.24,2024,5
2024-05-08,-5.69,2024,5
2024-05-09,-6.33,2024,5
2024-05-10,-5.69,2024,5
2024-05-11,-6.09,2024,5
2024-05-12,-5.32,2024,5
2024-05-13,-4.61,2024,5
2024-05-14,-5.08,2024,5
2024-05-15,-6.48,2024,5
2024-05-16,-7.43,2024,5
2024-05-17,-7.34,2024,5
2024-05-18,-7.26,2024,5
2024-05-19,-6.68,2024,5
2024-05-20,-5.57,2024,5
2024-05-21,-4.12,2024,5
2024-05-22,-4.2,2024,5
2024-05-23,-3.59,2024,5
2024-05-24,-4.28,2024,5
2024-05-25,-4.33,2024,5
2024-05-26,-6.2,2024,5
2024-05-27,-5.05,2024,5
2024-05-28,-1.14,2024,5
2024-05-29,0.27,2024,5
2024-05-30,1.15,2024,5
2024-05-31,1.15,2024,5
2024-06-01,-1.51,2024,6
2024-06-02,0.02,2024,6
2024-06-03,3.49,2024,6
2024-06-04,3.48,2024,6
2024-06-05,2.56,2024,6
2024-06-06,1.99,2024,6
2024-06-07,2.5,2024,6
2024-06-08,3.04,2024,6
2024-06-09,4.62,2024,6
2024-06-10,4.55,2024,6
2024-06-11,2.33,2024,6
2024-06-12,0.47,2024,6
2024-06-13,-1.6,2024,6
2024-06-14,-6.01,2024,6
2024-06-15,-10.36,2024,6
2024-06-16,-13.16,2024,6
2024-06-17,-16.17,2024,6
2024-06-18,-16.81,2024,6
2024-06-19,-14.89,2024,6
2024-06-20,-14.48,2024,6
2024-06-21,-14.87,2024,6
2024-06-22,-15.29,2024,6
2024-06-23,-18.03,2024,6
2024-06-24,-21.35,2024,6
2024-06-25,-22.92,2024,6
2024-06-26,-24.08,2024,6
2024-06-27,-21.32,2024,6
2024-06-28,-16.37,2024,6
2024-06-29,-14.65,2024,6
2024-06-30,-8.03,2024,6
2024-07-01,8.58,2024,7
2024-07-02,11.41,2024,7
2024-07-03,11.12,2024,7
2024-07-04,13.03,2024,7
2024-07-05,14.76,2024,7
2024-07-06,22.03,2024,7
2024-07-07,26.6,2024,7
2024-07-08,27.83,2024,7
2024-07-09,26.87,2024,7
2024-07-10,21.91,2024,7
2024-07-11,17.79,2024,7
2024-07-12,16.2,2024,7
2024-07-13,19.84,2024,7
2024-07-14,20.82,2024,7
2024-07-15,20.19,2024,7
2024-07-16,22.33,2024,7
2024-07-17,19.35,2024,7
2024-07-18,17.65,2024,7
2024-07-19,19.96,2024,7
2024-07-20,22.61,2024,7
2024-07-21,24.06,2024,7
2024-07-22,26.75,2024,7
2024-07-23,33.93,2024,7
2024-07-24,33.93,2024,7
2024-07-25,37.05,2024,7
2024-07-26,36.11,2024,7
2024-07-27,34.65,2024,7
2024-07-28,32.87,2024,7
2024-07-29,29.82,2024,7
2024-07-30,29.33,2024,7
2024-07-31,28.26,2024,7
2024-08-01,8.32,2024,8
2024-08-02,15.23,2024,8
2024-08-03,20.29,2024,8
2024-08-04,22.89,2024,8
2024-08-05,22.24,2024,8
2024-08-06,25.18,2024,8
2024-08-07,31.33,2024,8
2024-08-08,33.28,2024,8
2024-08-09,32.49,2024,8
2024-08-10,30.75,2024,8
2024-08-11,30.29,2024,8
2024-08-12,29.08,2024,8
2024-08-13,25.03,2024,8
2024-08-14,21.88,2024,8
2024-08-15,21.65,2024,8
2024-08-16,20.55,2024,8
2024-08-17,20.31,2024,8
2024-08-18,17.63,2024,8
2024-08-19,16.13,2024,8
2024-08-20,17.06,2024,8
2024-08-21,17.42,2024,8
2024-08-22,17.59,2024,8
2024-08-23,16.29,2024,8
2024-08-24,22.3,2024,8
2024-08-25,26.82,2024,8
2024-08-26,28.22,2024,8
2024-08-27,34.73,2024,8
2024-08-28,38.02,2024,8
2024-08-29,40.37,2024,8
2024-08-30,41.14,2024,8
2024-08-31,42.84,2024,8
2024-09-01,4.16,2024,9
2024-09-02,3.96,2024,9
2024-09-03,2.09,2024,9
2024-09-04,3.73,2024,9
2024-09-05,2.16,2024,9
2024-09-06,1.31,2024,9
2024-09-07,-1.29,2024,9
2024-09-08,-3.11,2024,9
2024-09-09,-3.11,2024,9
2024-09-10,-1.61,2024,9
2024-09-11,4.37,2024,9
2024-09-12,5.63,2024,9
2024-09-13,3.43,2024,9
2024-09-14,2.8,2024,9
2024-09-15,1.38,2024,9
2024-09-16,-1.16,2024,9
2024-09-17,-3.26,2024,9
2024-09-18,-4.96,2024,9
2024-09-19,-9.13,2024,9
2024-09-20,-14.86,2024,9
2024-09-21,-20.28,2024,9
2024-09-22,-24.54,2024,9
2024-09-23,-28.33,2024,9
2024-09-24,-27.97,2024,9
2024-09-25,-24.69,2024,9
2024-09-26,-17.41,2024,9
2024-09-27,-7.41,2024,9
2024-09-28,-0.54,2024,9
2024-09-29,1.11,2024,9
2024-09-30,0.56,2024,9
2024-10-01,-1.68,2024,10
2024-10-02,-4.67,2024,10
2024-10-03,-6.61,2024,10
2024-10-04,-7.61,2024,10
2024-10-05,-6.38,2024,10
2024-10-06,-7.14,2024,10
2024-10-07,-9.1,2024,10
2024-10-08,-10.64,2024,10
2024-10-09,-10.68,2024,10
2024-10-10,-9.75,2024,10
2024-10-11,-7.6,2024,10
2024-10-12,-5.14,2024,10
2024-10-13,-4.9,2024,10
2024-10-14,-3.78,2024,10
2024-10-15,-2.95,2024,10
2024-10-16,-0.66,2024,10
2024-10-17,1.1,2024,10
2024-10-18,0.04,2024,10
2024-10-19,-0.06,2024,10
2024-10-20,0.18,2024,10
2024-10-21,0.22,2024,10
2024-10-22,-0.09,2024,10
2024-10-23,-0.99,2024,10
2024-10-24,-1.4,2024,10
2024-10-25,-0.81,2024,10
2024-10-26,0.51,2024,10
2024-10-27,-0.27,2024,10
2024-10-28,-1.7,2024,10
2024-10-29,-3.21,2024,10
2024-10-30,-4.33,2024,10
2024-10-31,-4.29,2024,10
2024-11-01,0.24,2024,11
2024-11-02,-1.14,2024,11
2024-11-03,-0.95,2024,11
2024-11-04,-1.88,2024,11
2024-11-05,-2.55,2024,11
2024-11-06,-3.44,2024,11
2024-11-07,-4.56,2024,11
2024-11-08,-5.38,2024,11
2024-11-09,-6.33,2024,11
2024-11-10,-7.64,2024,11
2024-11-11,-8.61,2024,11
2024-11-12,-9.06,2024,11
2024-11-13,-8.82,2024,11
2024-11-14,-9.04,2024,11
2024-11-15,-8.64,2024,11
2024-11-16,-8.78,2024,11
2024-11-17,-8.85,2024,11
2024-11-18,-9.64,2024,11
2024-11-19,-10.3,2024,11
2024-11-20,-10.54,2024,11
2024-11-21,-10.19,2024,11
2024-11-22,-10.86,2024,11
2024-11-23,-11.89,2024,11
2024-11-24,-12.7,2024,11
2024-11-25,-13.34,2024,11
2024-11-26,-14.01,2024,11
2024-11-27,-13.37,2024,11
2024-11-28,-14.0,2024,11
2024-11-29,-14.44,2024,11
2024-11-30,-14.42,2024,11
2024-12-01,3.06,2024,12
2024-12-02,4.96,2024,12
2024-12-03,7.95,2024,12
2024-12-04,7.84,2024,12
2024-12-05,7.82,2024,12
2024-12-06,7.32,2024,12
2024-12-07,6.77,2024,12
2024-12-08,6.1,2024,12
2024-12-09,5.23,2024,12
2024-12-10,4.6,2024,12
2024-12-11,3.89,2024,12
2024-12-12,4.61,2024,12
2024-12-13,6.82,2024,12
2024-12-14,7.1,2024,12
2024-12-15,6.99,2024,12
2024-12-16,6.45,2024,12
2024-12-17,5.99,2024,12
2024-12-18,5.51,2024,12
2024-12-19,5.21,2024,12
2024-12-20,5.27,2024,12
2024-12-21,6.4,2024,12
2024-12-22,6.59,2024,12
2024-12-23,6.49,2024,12
2024-12-24,6.6,2024,12
2024-12-25,7.12,2024,12
2024-12-26,7.57,2024,12
2024-12-27,8.14,2024,12
2024-12-28,11.15,2024,12
2024-12-29,12.48,2024,12
2024-12-30,12.22,2024,12
2024-12-31,11.9,2024,12
2025-01-01,-0.54,2025,1
2025-01-02,-0.88,2025,1
2025-01-03,-1.28,2025,1
2025-01-04,-1.55,2025,1
2025-01-05,-1.94,2025,1
2025-01-06,-2.03,2025,1
2025-01-07,-2.56,2025,1
2025-01-08,-2.61,2025,1
2025-01-09,-3.44,2025,1
2025-01-10,-4.03,2025,1
2025-01-11,-4.26,2025,1
2025-01-12,-3.83,2025,1
2025-01-13,-4.36,2025,1
2025-01-14,-4.83,2025,1
2025-01-15,-5.5,2025,1
2025-01-16,-6.22,2025,1
2025-01-17,-6.88,2025,1
2025-01-18,-7.6,2025,1
2025-01-19,-7.3,2025,1
2025-01-20,-7.35,2025,1
2025-01-21,-7.86,2025,1
2025-01-22,-8.54,2025,1
2025-01-23,-9.18,2025,1
2025-01-24,-9.71,2025,1
2025-01-25,-10.17,2025,1
2025-01-26,-10.79,2025,1
2025-01-27,-11.31,2025,1
2025-01-28,-11.94,2025,1
2025-01-29,-12.49,2025,1
2025-01-30,-12.56,2025,1
2025-01-31,-12.52,2025,1
2025-02-01,-0.28,2025,2
2025-02-02,-0.84,2025,2
2025-02-03,-1.29,2025,2
2025-02-04,-2.03,2025,2
2025-02-05,-2.47,2025,2
2025-02-06,-2.87,2025,2
2025-02-07,-3.43,2025,2
2025-02-08,-4.44,2025,2
2025-02-09,-5.12,2025,2
2025-02-10,-5.98,2025,2
2025-02-11,-6.45,2025,2
2025-02-12,-6.82,2025,2
2025-02-13,-7.4,2025,2
2025-02-14,-8.02,2025,2
2025-02-15,-9.11,2025,2
2025-02-16,-9.96,2025,2
2025-02-17,-10.56,2025,2
2025-02-18,-11.35,2025,2
2025-02-19,-12.33,2025,2
2025-02-20,-12.49,2025,2
2025-02-21,-11.74,2025,2
2025-02-22,-12.33,2025,2
2025-02-23,-12.27,2025,2
2025-02-24,-12.83,2025,2
2025-02-25,-13.75,2025,2
2025-02-26,-14.05,2025,2
2025-02-27,-14.39,2025,2
2025-02-28,-11.6,2025,2
2025-03-01,2.36,2025,3
2025-03-02,2.17,2025,3
2025-03-03,1.98,2025,3
2025-03-04,2.16,2025,3
2025-03-05,1.4,2025,3
2025-03-06,1.03,2025,3
2025-03-07,0.31,2025,3
2025-03-08,-0.17,2025,3
2025-03-09,-0.8,2025,3
2025-03-10,-1.73,2025,3
2025-03-11,-2.07,2025,3
2025-03-12,-1.78,2025,3
2025-03-13,-1.51,2025,3
2025-03-14,-1.01,2025,3
2025-03-15,-0.39,2025,3
2025-03-16,-0.23,2025,3
2025-03-17,-0.16,2025,3
2025-03-18,-0.67,2025,3
2025-03-19,-1.48,2025,3
2025-03-20,-1.93,2025,3
2025-03-21,-2.62,2025,3
2025-03-22,-2.0,2025,3
2025-03-23,-1.76,2025,3
2025-03-24,-2.25,2025,3
2025-03-25,-3.24,2025,3
2025-03-26,-3.98,2025,3
2025-03-27,-4.41,2025,3
2025-03-28,-4.94,2025,3
2025-03-29,-6.03,2025,3
2025-03-30,-7.13,2025,3
2025-03-31,-8.41,2025,3
2025-04-01,-1.08,2025,4
2025-04-02,-1.86,2025,4
2025-04-03,-1.97,2025,4
2025-04-04,-1.55,2025,4
2025-04-05,-1.96,2025,4
2025-04-06,-2.3,2025,4
2025-04-07,-2.85,2025,4
2025-04-08,-3.86,2025,4
2025-04-09,-4.03,2025,4
2025-04-10,-3.82,2025,4
2025-04-11,-2.23,2025,4
2025-04-12,-2.0,2025,4
2025-04-13,-1.96,2025,4
2025-04-14,-2.65,2025,4
2025-04-15,-3.19,2025,4
2025-04-16,-3.42,2025,4
2025-04-17,-2.99,2025,4
2025-04-18,-3.8,2025,4
2025-04-19,-3.14,2025,4
2025-04-20,-3.37,2025,4
2025-04-21,-2.74,2025,4
2025-04-22,-3.5,2025,4
2025-04-23,-1.95,2025,4
2025-04-24,-0.23,2025,4
2025-04-25,0.71,2025,4
2025-04-26,1.0,2025,4
2025-04-27,0.96,2025,4
2025-04-28,1.12,2025,4
